inventory_id,warehouse_id,product_id,inventory_date,quantity_on_hand,reserved_quantity,reorder_level
INV00000001,WH001,PROD00148,2025-11-12,2272,476,177
INV00000002,WH001,PROD00113,2025-10-29,3254,316,39
INV00000003,WH001,PROD00293,2026-03-12,2726,174,72
INV00000004,WH001,PROD00124,2025-05-29,4595,40,37
INV00000005,WH001,PROD00050,2025-03-05,2565,220,165
INV00000006,WH001,PROD00306,2026-03-01,745,474,142
INV00000007,WH001,PROD00349,2026-07-22,9,172,25
INV00000008,WH001,PROD00096,2025-06-17,4263,428,33
INV00000009,WH001,PROD00136,2025-06-02,624,117,89
INV00000010,WH001,PROD00127,2025-05-30,4709,118,126
INV00000011,WH001,PROD00168,2025-03-25,827,281,16
INV00000012,WH001,PROD00023,2026-03-01,1014,117,178
INV00000013,WH001,PROD00141,2025-10-08,1021,248,43
INV00000014,WH001,PROD00100,2025-04-11,3182,34,129
INV00000015,WH001,PROD00111,2025-04-22,2835,52,130
INV00000016,WH001,PROD00439,2025-04-12,1890,226,53
INV00000017,WH001,PROD00390,2025-09-16,2416,389,10
INV00000018,WH001,PROD00346,2025-02-09,2198,114,85
INV00000019,WH001,PROD00315,2025-01-29,624,73,110
INV00000020,WH001,PROD00140,2025-09-13,1621,405,64
INV00000021,WH001,PROD00269,2025-01-13,79,36,76
INV00000022,WH001,PROD00476,2026-02-26,3963,313,173
INV00000023,WH001,PROD00052,2026-07-02,1614,314,87
INV00000024,WH001,PROD00468,2025-12-04,325,202,43
INV00000025,WH001,PROD00254,2025-01-10,2948,92,18
INV00000026,WH001,PROD00004,2026-06-30,3696,178,10
INV00000027,WH001,PROD00073,2025-02-05,3439,99,60
INV00000028,WH001,PROD00325,2025-02-17,1062,177,40
INV00000029,WH001,PROD00180,2026-03-10,480,115,141
INV00000030,WH001,PROD00038,2025-06-06,1537,136,150
INV00000031,WH001,PROD00415,2026-02-13,3062,19,42
INV00000032,WH001,PROD00493,2026-03-08,1810,456,182
INV00000033,WH001,PROD00216,2025-03-13,1085,254,192
INV00000034,WH001,PROD00222,2026-05-10,1033,158,90
INV00000035,WH001,PROD00490,2025-01-17,425,230,146
INV00000036,WH001,PROD00313,2026-01-05,4770,141,190
INV00000037,WH001,PROD00421,2025-08-29,4484,199,131
INV00000038,WH001,PROD00064,2026-01-31,3972,197,146
INV00000039,WH001,PROD00214,2025-10-09,4738,65,169
INV00000040,WH001,PROD00433,2026-05-30,3241,462,183
INV00000041,WH001,PROD00494,2025-05-10,3055,45,180
INV00000042,WH001,PROD00198,2025-12-20,3728,231,42
INV00000043,WH001,PROD00318,2026-02-19,2131,189,147
INV00000044,WH001,PROD00473,2025-12-26,3264,239,174
INV00000045,WH001,PROD00324,2025-08-15,3057,466,73
INV00000046,WH001,PROD00097,2025-03-16,3270,170,24
INV00000047,WH001,PROD00011,2025-03-01,803,344,154
INV00000048,WH001,PROD00005,2025-08-01,715,3,152
INV00000049,WH001,PROD00364,2025-04-05,956,276,149
INV00000050,WH001,PROD00365,2026-07-01,1064,95,187
INV00000051,WH001,PROD00471,2025-06-06,731,74,152
INV00000052,WH001,PROD00227,2026-04-11,2758,218,41
INV00000053,WH001,PROD00112,2026-06-29,1127,251,128
INV00000054,WH001,PROD00143,2026-03-13,1818,285,156
INV00000055,WH001,PROD00239,2025-06-29,4519,79,45
INV00000056,WH001,PROD00199,2025-03-02,4058,166,87
INV00000057,WH001,PROD00422,2026-04-02,4556,307,135
INV00000058,WH001,PROD00369,2026-04-15,669,479,121
INV00000059,WH001,PROD00147,2025-04-12,3925,115,175
INV00000060,WH001,PROD00054,2025-03-31,2574,499,127
INV00000061,WH001,PROD00447,2025-04-04,3439,11,132
INV00000062,WH001,PROD00130,2025-04-04,2155,227,115
INV00000063,WH001,PROD00387,2025-11-10,1423,269,54
INV00000064,WH001,PROD00469,2025-01-17,3914,292,90
INV00000065,WH001,PROD00221,2025-06-18,3494,147,107
INV00000066,WH001,PROD00024,2025-08-28,1684,378,174
INV00000067,WH001,PROD00442,2026-03-29,4075,427,172
INV00000068,WH001,PROD00076,2025-02-23,1004,317,120
INV00000069,WH001,PROD00120,2026-04-23,3327,359,16
INV00000070,WH001,PROD00458,2026-07-15,4042,218,101
INV00000071,WH001,PROD00314,2025-05-26,1877,447,127
INV00000072,WH001,PROD00495,2026-07-30,2143,152,151
INV00000073,WH001,PROD00323,2026-07-13,788,156,103
INV00000074,WH001,PROD00129,2025-04-12,1821,54,105
INV00000075,WH001,PROD00438,2025-06-24,2452,120,192
INV00000076,WH001,PROD00203,2025-07-31,1262,41,63
INV00000077,WH001,PROD00082,2026-01-02,643,433,137
INV00000078,WH001,PROD00411,2025-07-10,4049,138,181
INV00000079,WH001,PROD00406,2026-06-10,2630,9,135
INV00000080,WH001,PROD00299,2026-07-20,1232,194,110
INV00000081,WH001,PROD00109,2025-09-23,4926,481,111
INV00000082,WH001,PROD00001,2025-04-11,3480,30,58
INV00000083,WH001,PROD00142,2025-06-29,4167,454,199
INV00000084,WH001,PROD00059,2025-05-30,2772,322,135
INV00000085,WH001,PROD00179,2026-07-25,3916,480,19
INV00000086,WH001,PROD00134,2026-01-28,1358,85,96
INV00000087,WH001,PROD00302,2026-05-12,3453,157,106
INV00000088,WH001,PROD00094,2025-11-20,1332,350,176
INV00000089,WH001,PROD00296,2025-09-12,4199,471,111
INV00000090,WH001,PROD00171,2025-11-04,300,175,48
INV00000091,WH001,PROD00487,2026-06-24,3713,112,150
INV00000092,WH001,PROD00308,2025-09-26,3043,456,196
INV00000093,WH001,PROD00333,2025-01-23,241,254,119
INV00000094,WH001,PROD00251,2025-08-19,110,395,184
INV00000095,WH001,PROD00144,2026-04-17,4788,387,168
INV00000096,WH001,PROD00396,2025-04-30,856,189,189
INV00000097,WH001,PROD00472,2025-06-16,4266,286,29
INV00000098,WH001,PROD00389,2026-04-02,1165,64,54
INV00000099,WH001,PROD00037,2026-05-02,71,202,162
INV00000100,WH001,PROD00479,2025-02-11,836,263,172
INV00000101,WH001,PROD00155,2025-07-05,2113,162,109
INV00000102,WH001,PROD00474,2026-01-30,4933,28,137
INV00000103,WH001,PROD00233,2025-06-19,2654,77,69
INV00000104,WH001,PROD00453,2026-05-03,3096,207,19
INV00000105,WH001,PROD00132,2025-05-09,4273,95,81
INV00000106,WH001,PROD00336,2025-02-15,1084,186,176
INV00000107,WH001,PROD00329,2026-05-04,4554,150,43
INV00000108,WH001,PROD00241,2025-11-20,4872,413,180
INV00000109,WH001,PROD00250,2026-03-22,779,22,174
INV00000110,WH001,PROD00500,2025-08-05,1668,165,167
INV00000111,WH001,PROD00161,2025-06-08,3810,23,35
INV00000112,WH001,PROD00040,2025-09-24,3623,368,91
INV00000113,WH001,PROD00478,2025-11-23,1401,17,103
INV00000114,WH001,PROD00443,2025-02-19,2488,90,115
INV00000115,WH001,PROD00215,2026-07-18,2878,202,103
INV00000116,WH001,PROD00084,2025-05-19,3290,28,89
INV00000117,WH001,PROD00317,2026-02-16,2717,467,46
INV00000118,WH001,PROD00355,2025-06-16,4632,183,78
INV00000119,WH001,PROD00091,2026-02-02,1613,195,131
INV00000120,WH001,PROD00188,2025-11-04,1134,24,102
INV00000121,WH001,PROD00053,2026-04-27,3047,430,175
INV00000122,WH001,PROD00152,2026-02-13,3140,481,199
INV00000123,WH001,PROD00417,2025-04-08,4069,385,80
INV00000124,WH001,PROD00491,2025-09-23,3778,57,24
INV00000125,WH001,PROD00335,2026-03-25,4787,9,50
INV00000126,WH001,PROD00210,2026-01-27,251,444,71
INV00000127,WH001,PROD00445,2025-03-15,3977,334,90
INV00000128,WH001,PROD00243,2026-04-01,973,217,126
INV00000129,WH001,PROD00184,2025-11-06,4599,147,36
INV00000130,WH001,PROD00058,2025-03-31,3979,185,162
INV00000131,WH001,PROD00089,2026-04-06,3586,259,133
INV00000132,WH001,PROD00205,2026-01-11,4567,324,116
INV00000133,WH001,PROD00055,2026-03-21,1242,118,147
INV00000134,WH001,PROD00200,2026-05-24,4862,231,30
INV00000135,WH001,PROD00025,2025-08-01,1728,27,77
INV00000136,WH001,PROD00287,2026-04-26,782,192,101
INV00000137,WH001,PROD00410,2025-08-13,890,112,77
INV00000138,WH001,PROD00343,2025-06-01,4134,467,167
INV00000139,WH001,PROD00176,2026-06-13,627,286,14
INV00000140,WH001,PROD00266,2025-09-07,549,427,151
INV00000141,WH001,PROD00101,2025-02-23,950,17,118
INV00000142,WH001,PROD00060,2025-03-09,4176,476,187
INV00000143,WH001,PROD00360,2025-12-25,1932,473,29
INV00000144,WH001,PROD00290,2025-09-16,3889,357,79
INV00000145,WH001,PROD00156,2025-04-25,2456,191,34
INV00000146,WH001,PROD00279,2025-04-09,1044,323,113
INV00000147,WH001,PROD00357,2026-01-12,4105,271,50
INV00000148,WH001,PROD00482,2025-01-02,4616,176,125
INV00000149,WH001,PROD00376,2026-06-15,3333,118,25
INV00000150,WH001,PROD00459,2025-08-07,2494,234,133
INV00000151,WH001,PROD00265,2025-06-12,463,479,58
INV00000152,WH001,PROD00368,2026-01-22,771,105,31
INV00000153,WH001,PROD00069,2025-10-04,4611,130,123
INV00000154,WH001,PROD00276,2026-02-08,4504,238,55
INV00000155,WH001,PROD00010,2026-06-26,1672,161,181
INV00000156,WH001,PROD00027,2025-03-30,408,455,147
INV00000157,WH001,PROD00102,2026-02-04,1882,495,107
INV00000158,WH001,PROD00397,2025-07-25,1935,393,154
INV00000159,WH001,PROD00297,2025-01-02,3249,18,176
INV00000160,WH001,PROD00385,2025-11-18,202,313,130
INV00000161,WH001,PROD00150,2025-07-02,2765,426,80
INV00000162,WH001,PROD00122,2025-07-14,688,239,102
INV00000163,WH001,PROD00334,2026-06-09,1957,377,154
INV00000164,WH001,PROD00167,2026-01-18,116,424,141
INV00000165,WH001,PROD00270,2025-09-15,788,8,137
INV00000166,WH001,PROD00327,2025-07-06,295,65,147
INV00000167,WH001,PROD00093,2025-02-02,2431,223,177
INV00000168,WH001,PROD00362,2025-08-28,3859,397,151
INV00000169,WH001,PROD00498,2026-07-06,1435,296,20
INV00000170,WH001,PROD00249,2026-01-14,1869,452,148
INV00000171,WH001,PROD00291,2025-08-04,3458,171,36
INV00000172,WH001,PROD00432,2026-07-24,4748,72,191
INV00000173,WH001,PROD00412,2026-08-08,4990,243,109
INV00000174,WH001,PROD00123,2025-06-20,1719,244,178
INV00000175,WH001,PROD00231,2026-06-29,1523,413,45
INV00000176,WH001,PROD00031,2025-12-09,324,456,158
INV00000177,WH001,PROD00088,2026-08-05,3640,139,82
INV00000178,WH001,PROD00255,2025-03-24,147,363,163
INV00000179,WH001,PROD00018,2025-09-17,4090,40,42
INV00000180,WH001,PROD00377,2025-08-11,4764,201,31
INV00000181,WH001,PROD00137,2026-08-14,1126,435,22
INV00000182,WH001,PROD00332,2026-03-10,1804,132,197
INV00000183,WH001,PROD00126,2026-07-16,2177,93,189
INV00000184,WH001,PROD00321,2026-06-16,4975,485,154
INV00000185,WH001,PROD00092,2025-07-11,3045,389,94
INV00000186,WH001,PROD00352,2025-03-01,129,138,26
INV00000187,WH001,PROD00034,2026-03-29,3750,356,28
INV00000188,WH001,PROD00247,2025-02-28,4524,500,141
INV00000189,WH001,PROD00305,2026-06-25,2603,464,183
INV00000190,WH001,PROD00066,2025-01-16,2155,150,23
INV00000191,WH001,PROD00083,2025-02-15,750,174,188
INV00000192,WH001,PROD00017,2025-08-06,351,441,38
INV00000193,WH001,PROD00163,2026-06-01,55,169,166
INV00000194,WH001,PROD00303,2026-03-13,197,366,187
INV00000195,WH001,PROD00289,2026-03-07,3,245,109
INV00000196,WH001,PROD00418,2025-04-07,4582,491,47
INV00000197,WH001,PROD00330,2026-07-07,4577,282,46
INV00000198,WH001,PROD00304,2026-03-12,1043,212,31
INV00000199,WH001,PROD00128,2026-02-06,4777,292,49
INV00000200,WH001,PROD00016,2025-02-28,3453,465,95
INV00000201,WH001,PROD00383,2025-11-15,2037,417,107
INV00000202,WH001,PROD00030,2025-10-03,2141,298,167
INV00000203,WH001,PROD00278,2025-03-04,2698,102,188
INV00000204,WH001,PROD00375,2025-07-19,2656,139,113
INV00000205,WH001,PROD00427,2025-03-08,2709,104,41
INV00000206,WH001,PROD00079,2026-01-28,3711,63,114
INV00000207,WH001,PROD00013,2025-02-03,3214,400,177
INV00000208,WH001,PROD00080,2026-07-08,4810,22,179
INV00000209,WH001,PROD00234,2026-06-12,545,366,111
INV00000210,WH001,PROD00462,2026-05-01,4723,131,84
INV00000211,WH001,PROD00061,2025-08-29,2942,137,200
INV00000212,WH001,PROD00108,2026-06-04,1714,48,96
INV00000213,WH001,PROD00444,2026-04-28,1336,455,127
INV00000214,WH001,PROD00263,2026-06-19,1869,317,33
INV00000215,WH001,PROD00367,2025-08-06,1574,256,33
INV00000216,WH001,PROD00190,2026-03-30,4410,219,16
INV00000217,WH001,PROD00070,2026-08-10,2725,345,35
INV00000218,WH001,PROD00007,2025-03-01,3738,175,140
INV00000219,WH001,PROD00496,2025-08-06,3971,217,172
INV00000220,WH001,PROD00118,2025-08-18,3186,174,42
INV00000221,WH001,PROD00392,2026-04-27,763,202,144
INV00000222,WH001,PROD00434,2025-01-27,392,367,162
INV00000223,WH001,PROD00098,2025-07-01,1676,393,56
INV00000224,WH001,PROD00146,2025-08-12,1735,174,140
INV00000225,WH001,PROD00196,2025-02-10,4514,422,32
INV00000226,WH001,PROD00394,2025-11-26,2665,350,176
INV00000227,WH001,PROD00424,2025-05-31,4625,94,142
INV00000228,WH001,PROD00466,2025-08-15,3166,249,50
INV00000229,WH001,PROD00105,2025-06-23,1988,475,184
INV00000230,WH001,PROD00393,2025-03-14,275,207,87
INV00000231,WH001,PROD00391,2025-01-25,1730,385,92
INV00000232,WH001,PROD00195,2025-04-28,2788,38,136
INV00000233,WH001,PROD00046,2026-03-13,4023,325,93
INV00000234,WH001,PROD00193,2025-10-28,2261,349,91
INV00000235,WH001,PROD00337,2026-01-27,4591,304,176
INV00000236,WH001,PROD00114,2025-11-28,3298,481,188
INV00000237,WH001,PROD00225,2025-02-26,3480,173,194
INV00000238,WH001,PROD00138,2025-05-30,4996,500,65
INV00000239,WH001,PROD00087,2025-06-17,449,269,44
INV00000240,WH001,PROD00074,2026-02-16,1018,34,28
INV00000241,WH001,PROD00226,2025-06-04,4322,213,86
INV00000242,WH001,PROD00284,2025-09-09,318,236,148
INV00000243,WH001,PROD00194,2026-07-21,943,91,189
INV00000244,WH001,PROD00320,2026-08-05,4861,92,139
INV00000245,WH001,PROD00261,2025-01-07,1268,368,67
INV00000246,WH001,PROD00197,2025-11-18,3177,468,114
INV00000247,WH001,PROD00311,2025-12-26,2469,101,128
INV00000248,WH001,PROD00446,2025-12-12,333,218,50
INV00000249,WH001,PROD00286,2026-05-24,771,284,162
INV00000250,WH001,PROD00253,2026-03-08,3983,353,68
INV00000251,WH001,PROD00480,2026-06-15,1008,182,193
INV00000252,WH001,PROD00275,2026-05-16,4016,119,194
INV00000253,WH001,PROD00348,2025-07-15,823,319,149
INV00000254,WH001,PROD00246,2025-09-29,2261,60,184
INV00000255,WH001,PROD00185,2026-07-10,4679,246,123
INV00000256,WH001,PROD00354,2025-02-01,476,35,137
INV00000257,WH001,PROD00262,2026-07-25,4498,480,44
INV00000258,WH001,PROD00072,2026-07-25,2516,318,190
INV00000259,WH001,PROD00104,2025-07-23,1614,161,165
INV00000260,WH001,PROD00464,2025-09-24,4041,321,197
INV00000261,WH001,PROD00437,2025-10-10,3879,209,117
INV00000262,WH001,PROD00467,2025-01-30,335,251,107
INV00000263,WH001,PROD00165,2026-05-24,561,247,117
INV00000264,WH001,PROD00154,2026-04-25,3789,35,73
INV00000265,WH001,PROD00358,2025-09-04,132,210,21
INV00000266,WH001,PROD00191,2025-11-08,4279,294,190
INV00000267,WH001,PROD00212,2025-10-17,2167,419,196
INV00000268,WH001,PROD00256,2025-04-13,2977,133,24
INV00000269,WH001,PROD00497,2025-04-24,250,178,85
INV00000270,WH001,PROD00029,2025-09-18,2914,419,151
INV00000271,WH001,PROD00028,2025-10-23,2178,458,179
INV00000272,WH001,PROD00224,2026-01-12,3954,13,106
INV00000273,WH001,PROD00281,2025-12-18,2403,428,68
INV00000274,WH001,PROD00448,2025-07-08,4181,126,145
INV00000275,WH001,PROD00271,2025-03-10,3992,304,197
INV00000276,WH001,PROD00461,2025-05-18,3877,412,75
INV00000277,WH001,PROD00139,2025-11-21,411,328,180
INV00000278,WH001,PROD00169,2025-10-27,4367,396,17
INV00000279,WH001,PROD00051,2025-03-05,2549,473,106
INV00000280,WH001,PROD00341,2025-05-19,1808,67,86
INV00000281,WH001,PROD00326,2025-06-01,4683,221,52
INV00000282,WH001,PROD00189,2026-04-23,577,164,29
INV00000283,WH001,PROD00153,2025-03-08,4730,354,25
INV00000284,WH001,PROD00413,2025-04-12,1908,428,192
INV00000285,WH001,PROD00008,2025-06-22,4454,196,155
INV00000286,WH001,PROD00213,2026-01-06,3059,350,151
INV00000287,WH001,PROD00162,2025-01-31,2358,385,187
INV00000288,WH001,PROD00285,2025-01-08,4010,159,98
INV00000289,WH001,PROD00351,2026-02-02,3091,152,62
INV00000290,WH001,PROD00175,2025-08-01,4030,173,139
INV00000291,WH001,PROD00440,2026-03-04,2773,66,56
INV00000292,WH001,PROD00486,2025-07-21,3541,306,44
INV00000293,WH001,PROD00149,2025-01-10,2539,91,154
INV00000294,WH001,PROD00209,2025-07-16,2865,439,137
INV00000295,WH001,PROD00310,2026-03-04,4087,28,97
INV00000296,WH001,PROD00232,2026-03-01,2753,426,61
INV00000297,WH001,PROD00106,2026-08-09,2284,287,43
INV00000298,WH001,PROD00465,2025-12-29,768,77,108
INV00000299,WH001,PROD00259,2025-05-11,4083,191,119
INV00000300,WH001,PROD00090,2026-02-08,1352,422,188
INV00000301,WH001,PROD00159,2026-03-17,4992,222,181
INV00000302,WH001,PROD00267,2026-05-05,55,31,141
INV00000303,WH001,PROD00173,2025-03-18,829,241,141
INV00000304,WH001,PROD00328,2025-10-16,58,396,183
INV00000305,WH001,PROD00347,2025-07-19,4534,244,145
INV00000306,WH001,PROD00181,2026-08-01,1933,272,22
INV00000307,WH001,PROD00065,2026-07-23,4086,368,173
INV00000308,WH001,PROD00014,2025-11-27,1047,164,37
INV00000309,WH001,PROD00077,2025-10-22,4683,282,157
INV00000310,WH001,PROD00170,2025-10-10,1471,291,130
INV00000311,WH001,PROD00292,2025-01-11,3678,441,13
INV00000312,WH001,PROD00499,2026-03-04,4904,343,129
INV00000313,WH001,PROD00379,2026-04-15,3756,11,120
INV00000314,WH001,PROD00048,2025-03-24,1849,361,27
INV00000315,WH001,PROD00116,2026-01-08,3005,92,185
INV00000316,WH001,PROD00309,2025-03-05,2332,237,131
INV00000317,WH001,PROD00244,2026-03-24,3412,394,73
INV00000318,WH001,PROD00452,2026-04-25,3860,381,67
INV00000319,WH001,PROD00371,2026-01-01,1090,469,159
INV00000320,WH001,PROD00449,2026-04-09,738,162,89
INV00000321,WH001,PROD00419,2025-05-03,1580,357,115
INV00000322,WH001,PROD00125,2026-06-18,2441,433,80
INV00000323,WH001,PROD00086,2026-07-15,866,185,72
INV00000324,WH001,PROD00426,2025-11-05,2829,271,126
INV00000325,WH001,PROD00384,2025-09-17,4496,32,109
INV00000326,WH001,PROD00370,2025-10-19,438,242,198
INV00000327,WH001,PROD00454,2025-11-25,3151,474,177
INV00000328,WH001,PROD00015,2025-09-25,837,418,77
INV00000329,WH001,PROD00441,2026-07-17,3385,441,94
INV00000330,WH001,PROD00307,2026-07-14,3274,494,48
INV00000331,WH001,PROD00158,2025-11-21,2379,204,110
INV00000332,WH001,PROD00229,2025-05-18,149,256,147
INV00000333,WH001,PROD00220,2026-05-24,4520,15,68
INV00000334,WH001,PROD00456,2026-07-08,2346,361,169
INV00000335,WH001,PROD00160,2026-05-25,464,64,97
INV00000336,WH001,PROD00277,2025-07-16,1957,490,100
INV00000337,WH001,PROD00356,2025-09-17,3768,464,157
INV00000338,WH001,PROD00428,2025-06-20,1637,25,99
INV00000339,WH001,PROD00019,2025-05-04,1691,398,63
INV00000340,WH001,PROD00164,2026-05-13,2008,147,59
INV00000341,WH001,PROD00414,2025-07-22,1032,288,47
INV00000342,WH001,PROD00272,2026-07-12,768,25,25
INV00000343,WH001,PROD00423,2025-07-20,3689,304,78
INV00000344,WH001,PROD00071,2026-01-28,4881,6,50
INV00000345,WH001,PROD00044,2025-03-23,727,175,183
INV00000346,WH001,PROD00021,2026-07-09,265,357,115
INV00000347,WH001,PROD00057,2025-09-13,1915,487,17
INV00000348,WH001,PROD00045,2025-12-13,389,435,110
INV00000349,WH001,PROD00420,2026-02-23,2315,157,46
INV00000350,WH001,PROD00228,2025-02-22,4965,398,192
INV00000351,WH001,PROD00409,2026-03-03,821,259,109
INV00000352,WH001,PROD00133,2025-02-28,4200,106,152
INV00000353,WH001,PROD00187,2025-08-22,4552,285,17
INV00000354,WH001,PROD00350,2026-05-12,1835,400,112
INV00000355,WH001,PROD00235,2025-03-31,148,61,95
INV00000356,WH001,PROD00404,2025-04-01,2573,191,52
INV00000357,WH001,PROD00211,2026-02-28,1782,450,177
INV00000358,WH001,PROD00374,2025-03-16,3209,378,73
INV00000359,WH001,PROD00450,2026-04-18,1328,429,86
INV00000360,WH001,PROD00475,2026-06-12,4467,315,115
INV00000361,WH001,PROD00204,2025-05-11,2931,483,87
INV00000362,WH001,PROD00283,2026-04-14,1918,66,192
INV00000363,WH001,PROD00252,2026-03-23,752,79,67
INV00000364,WH001,PROD00481,2026-04-05,1980,246,58
INV00000365,WH001,PROD00470,2026-05-06,3224,305,142
INV00000366,WH001,PROD00361,2025-04-07,3627,452,21
INV00000367,WH001,PROD00489,2025-08-19,4145,36,100
INV00000368,WH001,PROD00043,2025-08-24,2774,22,117
INV00000369,WH001,PROD00033,2025-01-04,4828,192,70
INV00000370,WH001,PROD00036,2025-12-15,4254,69,22
INV00000371,WH001,PROD00294,2026-02-23,4547,128,52
INV00000372,WH001,PROD00049,2025-09-16,3339,460,131
INV00000373,WH001,PROD00344,2025-11-28,4095,253,108
INV00000374,WH001,PROD00477,2026-01-25,4327,387,23
INV00000375,WH001,PROD00063,2025-09-08,4,2,144
INV00000376,WH001,PROD00436,2026-02-06,1576,101,163
INV00000377,WH001,PROD00237,2025-03-25,1092,73,57
INV00000378,WH001,PROD00258,2025-08-18,1397,59,86
INV00000379,WH001,PROD00217,2025-04-17,4300,74,166
INV00000380,WH001,PROD00131,2026-06-29,3819,398,139
INV00000381,WH001,PROD00078,2026-02-23,826,318,123
INV00000382,WH001,PROD00178,2025-10-04,848,488,185
INV00000383,WH001,PROD00485,2025-08-20,2298,299,108
INV00000384,WH001,PROD00460,2025-02-21,391,280,181
INV00000385,WH001,PROD00372,2025-12-10,1313,125,101
INV00000386,WH001,PROD00340,2025-09-22,3595,257,132
INV00000387,WH001,PROD00301,2026-03-22,1979,143,114
INV00000388,WH001,PROD00202,2025-03-20,552,186,96
INV00000389,WH001,PROD00238,2026-01-15,3381,465,173
INV00000390,WH001,PROD00002,2026-07-16,4427,419,150
INV00000391,WH001,PROD00483,2025-07-04,4390,54,151
INV00000392,WH001,PROD00400,2026-07-16,1810,196,136
INV00000393,WH001,PROD00075,2025-07-29,4803,374,129
INV00000394,WH001,PROD00342,2026-07-31,2594,410,12
INV00000395,WH001,PROD00009,2025-05-02,4187,332,143
INV00000396,WH001,PROD00338,2026-04-06,4354,280,177
INV00000397,WH001,PROD00451,2026-03-21,3322,389,97
INV00000398,WH001,PROD00416,2025-04-20,4794,118,162
INV00000399,WH001,PROD00119,2025-04-30,896,394,47
INV00000400,WH001,PROD00201,2026-04-20,1683,39,138
INV00000401,WH001,PROD00492,2025-06-02,2881,294,186
INV00000402,WH001,PROD00382,2025-04-07,243,63,45
INV00000403,WH001,PROD00363,2025-10-04,2567,35,72
INV00000404,WH001,PROD00248,2025-11-02,2620,86,111
INV00000405,WH001,PROD00107,2026-02-01,444,495,103
INV00000406,WH001,PROD00322,2025-01-15,4646,219,127
INV00000407,WH001,PROD00405,2026-05-23,1322,417,151
INV00000408,WH001,PROD00264,2026-05-21,3589,136,58
INV00000409,WH001,PROD00345,2025-05-22,3093,146,151
INV00000410,WH001,PROD00298,2025-08-31,327,260,111
INV00000411,WH001,PROD00240,2026-07-12,4177,431,94
INV00000412,WH001,PROD00110,2025-07-08,2047,425,182
INV00000413,WH001,PROD00135,2026-06-04,3596,379,199
INV00000414,WH001,PROD00488,2025-03-20,1036,280,182
INV00000415,WH001,PROD00172,2025-07-26,1556,396,169
INV00000416,WH001,PROD00192,2025-10-23,2480,253,44
INV00000417,WH001,PROD00056,2026-02-10,2277,8,32
INV00000418,WH001,PROD00319,2025-12-09,2836,395,168
INV00000419,WH001,PROD00223,2025-05-12,4192,439,130
INV00000420,WH001,PROD00218,2026-01-12,1708,61,139
INV00000421,WH001,PROD00403,2025-05-14,4432,429,33
INV00000422,WH001,PROD00288,2025-05-27,2869,445,85
INV00000423,WH001,PROD00312,2026-05-13,3547,308,167
INV00000424,WH001,PROD00366,2025-04-10,4245,380,36
INV00000425,WH001,PROD00186,2026-01-16,2685,442,80
INV00000426,WH001,PROD00068,2025-08-30,3806,338,40
INV00000427,WH001,PROD00099,2025-10-05,4223,295,159
INV00000428,WH001,PROD00282,2026-03-24,3512,157,149
INV00000429,WH001,PROD00020,2025-04-13,2023,353,49
INV00000430,WH001,PROD00408,2025-06-22,0,13,39
INV00000431,WH001,PROD00260,2026-07-18,1796,134,116
INV00000432,WH001,PROD00006,2025-07-22,357,462,25
INV00000433,WH001,PROD00121,2025-08-08,1547,74,77
INV00000434,WH001,PROD00022,2026-02-22,3342,46,66
INV00000435,WH001,PROD00208,2026-05-14,1663,465,117
INV00000436,WH001,PROD00206,2026-06-09,4452,197,98
INV00000437,WH001,PROD00041,2025-09-29,67,47,116
INV00000438,WH001,PROD00183,2025-06-24,1221,269,31
INV00000439,WH001,PROD00245,2025-08-16,373,307,150
INV00000440,WH001,PROD00257,2025-11-02,2149,110,163
INV00000441,WH001,PROD00174,2026-03-12,4073,472,57
INV00000442,WH001,PROD00145,2026-05-17,310,402,144
INV00000443,WH001,PROD00425,2025-05-09,3443,282,44
INV00000444,WH001,PROD00274,2025-05-03,4381,28,167
INV00000445,WH001,PROD00373,2026-04-06,570,169,185
INV00000446,WH001,PROD00067,2026-02-07,151,431,185
INV00000447,WH001,PROD00242,2026-03-07,158,314,186
INV00000448,WH001,PROD00353,2026-05-09,2821,207,166
INV00000449,WH001,PROD00429,2026-08-08,490,166,22
INV00000450,WH001,PROD00457,2026-04-14,659,96,37
INV00000451,WH001,PROD00182,2025-06-21,4434,145,108
INV00000452,WH001,PROD00455,2026-05-17,4094,41,189
INV00000453,WH001,PROD00026,2026-03-04,4913,477,140
INV00000454,WH001,PROD00401,2025-12-28,4309,477,185
INV00000455,WH001,PROD00095,2025-07-23,4154,216,134
INV00000456,WH001,PROD00151,2026-07-21,4298,5,83
INV00000457,WH001,PROD00402,2026-03-03,4290,116,76
INV00000458,WH001,PROD00157,2026-06-11,148,130,95
INV00000459,WH001,PROD00062,2025-01-03,1974,109,90
INV00000460,WH001,PROD00081,2025-06-25,2295,2,113
INV00000461,WH001,PROD00103,2025-11-13,4068,375,12
INV00000462,WH001,PROD00115,2026-05-14,1450,254,81
INV00000463,WH001,PROD00236,2025-03-05,2516,60,129
INV00000464,WH001,PROD00012,2025-11-18,453,75,72
INV00000465,WH001,PROD00484,2026-08-09,2874,162,54
INV00000466,WH001,PROD00166,2026-02-16,4647,7,105
INV00000467,WH001,PROD00207,2025-05-25,1286,282,78
INV00000468,WH001,PROD00230,2026-03-04,2193,90,22
INV00000469,WH001,PROD00359,2025-04-16,3368,354,19
INV00000470,WH001,PROD00117,2025-08-11,4876,125,126
INV00000471,WH001,PROD00395,2025-08-29,4875,181,160
INV00000472,WH001,PROD00219,2025-05-04,2043,470,116
INV00000473,WH001,PROD00280,2026-02-23,179,116,137
INV00000474,WH001,PROD00435,2026-05-27,3949,467,80
INV00000475,WH001,PROD00388,2025-12-07,1611,128,17
INV00000476,WH001,PROD00035,2025-08-06,4439,315,47
INV00000477,WH001,PROD00085,2025-08-06,3150,35,40
INV00000478,WH001,PROD00386,2025-12-17,1095,141,146
INV00000479,WH001,PROD00378,2026-03-10,2796,71,42
INV00000480,WH001,PROD00273,2026-05-03,2620,297,191
INV00000481,WH001,PROD00042,2025-05-24,2257,34,159
INV00000482,WH001,PROD00398,2026-07-27,4250,36,52
INV00000483,WH001,PROD00300,2025-02-03,1068,195,150
INV00000484,WH001,PROD00039,2025-06-12,627,444,143
INV00000485,WH001,PROD00032,2025-03-21,17,88,198
INV00000486,WH001,PROD00047,2025-08-29,2231,208,117
INV00000487,WH001,PROD00268,2025-02-25,4433,229,62
INV00000488,WH001,PROD00463,2025-07-28,2878,244,12
INV00000489,WH001,PROD00380,2026-06-01,13,493,57
INV00000490,WH001,PROD00407,2026-01-04,2348,41,132
INV00000491,WH001,PROD00431,2026-05-22,4356,122,43
INV00000492,WH001,PROD00381,2026-02-02,804,5,175
INV00000493,WH001,PROD00003,2025-03-23,2696,185,52
INV00000494,WH001,PROD00339,2025-11-27,1059,309,184
INV00000495,WH001,PROD00295,2026-03-29,3476,258,73
INV00000496,WH001,PROD00331,2025-10-01,4486,227,141
INV00000497,WH001,PROD00430,2025-10-14,1792,337,176
INV00000498,WH001,PROD00316,2025-11-02,68,284,86
INV00000499,WH001,PROD00177,2026-08-02,3744,110,198
INV00000500,WH001,PROD00399,2025-10-17,3852,453,75
INV00000501,WH002,PROD00137,2026-01-01,2584,246,22
INV00000502,WH002,PROD00211,2025-12-27,255,0,177
INV00000503,WH002,PROD00449,2025-09-02,382,57,89
INV00000504,WH002,PROD00024,2025-11-21,4846,471,174
INV00000505,WH002,PROD00124,2025-04-02,1998,46,37
INV00000506,WH002,PROD00330,2026-02-10,1673,199,46
INV00000507,WH002,PROD00288,2026-04-07,4944,326,85
INV00000508,WH002,PROD00159,2025-08-30,2854,363,181
INV00000509,WH002,PROD00439,2026-07-04,1613,8,53
INV00000510,WH002,PROD00358,2026-04-09,3108,222,21
INV00000511,WH002,PROD00313,2025-09-06,1501,462,190
INV00000512,WH002,PROD00155,2026-05-01,568,314,109
INV00000513,WH002,PROD00361,2026-07-22,2306,404,21
INV00000514,WH002,PROD00473,2025-05-26,1648,119,174
INV00000515,WH002,PROD00379,2026-07-08,136,205,120
INV00000516,WH002,PROD00257,2025-05-09,800,393,163
INV00000517,WH002,PROD00340,2026-04-20,2991,153,132
INV00000518,WH002,PROD00202,2026-02-08,4013,399,96
INV00000519,WH002,PROD00266,2025-02-14,4519,407,151
INV00000520,WH002,PROD00461,2025-01-13,626,76,75
INV00000521,WH002,PROD00031,2025-02-11,1721,114,158
INV00000522,WH002,PROD00273,2025-08-31,888,217,191
INV00000523,WH002,PROD00077,2025-12-10,0,397,157
INV00000524,WH002,PROD00176,2025-11-22,1627,99,14
INV00000525,WH002,PROD00251,2025-10-17,3354,246,184
INV00000526,WH002,PROD00390,2025-08-24,494,23,10
INV00000527,WH002,PROD00093,2025-09-28,3795,375,177
INV00000528,WH002,PROD00364,2026-03-31,257,116,149
INV00000529,WH002,PROD00322,2025-07-24,466,18,127
INV00000530,WH002,PROD00372,2026-02-04,3050,329,101
INV00000531,WH002,PROD00399,2026-01-26,3765,366,75
INV00000532,WH002,PROD00103,2025-09-27,902,242,12
INV00000533,WH002,PROD00356,2025-09-14,1756,211,157
INV00000534,WH002,PROD00381,2026-05-31,1708,465,175
INV00000535,WH002,PROD00198,2025-01-20,2125,288,42
INV00000536,WH002,PROD00422,2025-02-10,4051,106,135
INV00000537,WH002,PROD00013,2026-03-17,450,332,177
INV00000538,WH002,PROD00191,2026-07-11,3424,56,190
INV00000539,WH002,PROD00190,2025-09-30,3095,38,16
INV00000540,WH002,PROD00338,2026-08-03,3854,396,177
INV00000541,WH002,PROD00312,2025-11-28,1102,92,167
INV00000542,WH002,PROD00412,2025-12-24,1939,441,109
INV00000543,WH002,PROD00433,2025-05-09,1055,283,183
INV00000544,WH002,PROD00382,2026-03-21,4051,296,45
INV00000545,WH002,PROD00442,2025-06-13,1927,399,172
INV00000546,WH002,PROD00188,2025-10-09,664,207,102
INV00000547,WH002,PROD00483,2026-01-05,3136,237,151
INV00000548,WH002,PROD00428,2026-02-27,3038,496,99
INV00000549,WH002,PROD00071,2025-10-06,3160,18,50
INV00000550,WH002,PROD00353,2025-01-17,3253,431,166
INV00000551,WH002,PROD00147,2025-08-01,4595,292,175
INV00000552,WH002,PROD00080,2026-07-30,1005,462,179
INV00000553,WH002,PROD00185,2025-12-17,1502,253,123
INV00000554,WH002,PROD00037,2025-01-08,650,421,162
INV00000555,WH002,PROD00402,2026-01-18,1645,25,76
INV00000556,WH002,PROD00116,2025-10-27,464,130,185
INV00000557,WH002,PROD00454,2025-04-09,4819,175,177
INV00000558,WH002,PROD00106,2025-10-13,3946,474,43
INV00000559,WH002,PROD00408,2025-11-04,4131,392,39
INV00000560,WH002,PROD00446,2025-04-03,2067,379,50
INV00000561,WH002,PROD00305,2025-06-23,4026,472,183
INV00000562,WH002,PROD00280,2025-05-15,906,418,137
INV00000563,WH002,PROD00492,2026-01-16,461,178,186
INV00000564,WH002,PROD00083,2025-07-16,3607,196,188
INV00000565,WH002,PROD00043,2026-03-20,4557,233,117
INV00000566,WH002,PROD00378,2025-06-18,973,134,42
INV00000567,WH002,PROD00084,2025-10-14,3241,274,89
INV00000568,WH002,PROD00213,2025-12-16,3410,458,151
INV00000569,WH002,PROD00459,2026-07-05,1405,479,133
INV00000570,WH002,PROD00227,2025-06-18,2783,20,41
INV00000571,WH002,PROD00443,2026-06-25,3822,201,115
INV00000572,WH002,PROD00475,2026-02-13,53,61,115
INV00000573,WH002,PROD00424,2026-02-18,2457,476,142
INV00000574,WH002,PROD00287,2026-06-04,4236,100,101
INV00000575,WH002,PROD00346,2025-04-24,559,301,85
INV00000576,WH002,PROD00374,2026-08-12,4929,460,73
INV00000577,WH002,PROD00098,2026-06-28,4020,118,56
INV00000578,WH002,PROD00206,2025-11-05,4453,484,98
INV00000579,WH002,PROD00196,2026-06-24,1956,220,32
INV00000580,WH002,PROD00375,2025-05-26,2132,220,113
INV00000581,WH002,PROD00307,2026-01-09,4241,81,48
INV00000582,WH002,PROD00141,2026-03-31,3799,328,43
INV00000583,WH002,PROD00055,2025-04-14,2099,67,147
INV00000584,WH002,PROD00233,2025-03-23,1769,427,69
INV00000585,WH002,PROD00456,2025-03-05,3601,274,169
INV00000586,WH002,PROD00450,2025-03-25,234,296,86
INV00000587,WH002,PROD00491,2025-05-05,1108,159,24
INV00000588,WH002,PROD00342,2025-04-15,1426,196,12
INV00000589,WH002,PROD00463,2026-04-11,3183,206,12
INV00000590,WH002,PROD00411,2025-07-22,4131,200,181
INV00000591,WH002,PROD00048,2025-03-28,3712,443,27
INV00000592,WH002,PROD00274,2025-06-06,3861,59,167
INV00000593,WH002,PROD00168,2025-03-05,3467,494,16
INV00000594,WH002,PROD00027,2025-12-14,3753,140,147
INV00000595,WH002,PROD00397,2025-06-02,2478,25,154
INV00000596,WH002,PROD00200,2025-04-28,0,191,30
INV00000597,WH002,PROD00108,2025-10-23,2485,179,96
INV00000598,WH002,PROD00112,2026-02-16,2353,389,128
INV00000599,WH002,PROD00430,2025-08-10,4698,479,176
INV00000600,WH002,PROD00498,2026-01-29,4216,205,20
INV00000601,WH002,PROD00470,2026-08-06,329,464,142
INV00000602,WH002,PROD00119,2026-01-11,1850,429,47
INV00000603,WH002,PROD00309,2025-09-27,4554,25,131
INV00000604,WH002,PROD00060,2025-03-16,4044,479,187
INV00000605,WH002,PROD00056,2025-01-31,1376,418,32
INV00000606,WH002,PROD00310,2026-06-20,2404,273,97
INV00000607,WH002,PROD00291,2026-02-23,4801,246,36
INV00000608,WH002,PROD00441,2025-11-13,1959,202,94
INV00000609,WH002,PROD00362,2025-07-01,3695,225,151
INV00000610,WH002,PROD00385,2026-05-19,773,219,130
INV00000611,WH002,PROD00018,2025-10-28,4626,169,42
INV00000612,WH002,PROD00046,2025-04-18,2087,469,93
INV00000613,WH002,PROD00006,2026-03-19,265,480,25
INV00000614,WH002,PROD00008,2026-05-13,1553,46,155
INV00000615,WH002,PROD00467,2025-05-20,808,436,107
INV00000616,WH002,PROD00466,2025-09-13,4576,55,50
INV00000617,WH002,PROD00069,2026-03-31,454,347,123
INV00000618,WH002,PROD00445,2025-11-17,4454,77,90
INV00000619,WH002,PROD00398,2025-09-03,4877,294,52
INV00000620,WH002,PROD00316,2026-02-16,178,364,86
INV00000621,WH002,PROD00417,2026-07-20,4274,0,80
INV00000622,WH002,PROD00125,2025-05-24,3391,26,80
INV00000623,WH002,PROD00267,2025-05-01,484,267,141
INV00000624,WH002,PROD00181,2025-03-06,91,267,22
INV00000625,WH002,PROD00160,2025-01-23,3438,217,97
INV00000626,WH002,PROD00122,2026-07-04,4488,133,102
INV00000627,WH002,PROD00276,2025-01-07,4041,217,55
INV00000628,WH002,PROD00323,2026-06-01,500,194,103
INV00000629,WH002,PROD00294,2026-06-09,584,449,52
INV00000630,WH002,PROD00496,2025-01-28,2011,197,172
INV00000631,WH002,PROD00388,2025-11-26,4600,473,17
INV00000632,WH002,PROD00052,2026-01-22,2797,131,87
INV00000633,WH002,PROD00079,2025-05-31,731,158,114
INV00000634,WH002,PROD00144,2026-01-29,3601,82,168
INV00000635,WH002,PROD00164,2025-11-21,2721,171,59
INV00000636,WH002,PROD00241,2025-10-11,4242,97,180
INV00000637,WH002,PROD00104,2026-08-08,3416,5,165
INV00000638,WH002,PROD00212,2025-05-23,3153,20,196
INV00000639,WH002,PROD00012,2026-05-16,2691,310,72
INV00000640,WH002,PROD00032,2025-09-03,3699,243,198
INV00000641,WH002,PROD00057,2026-04-19,2268,60,17
INV00000642,WH002,PROD00132,2026-07-20,1507,154,81
INV00000643,WH002,PROD00350,2026-07-10,22,73,112
INV00000644,WH002,PROD00384,2025-06-03,1574,198,109
INV00000645,WH002,PROD00299,2026-04-05,1584,160,110
INV00000646,WH002,PROD00278,2025-07-10,4768,428,188
INV00000647,WH002,PROD00067,2025-02-16,355,421,185
INV00000648,WH002,PROD00407,2025-05-26,1189,180,132
INV00000649,WH002,PROD00230,2025-09-18,3463,368,22
INV00000650,WH002,PROD00134,2026-05-21,1958,148,96
INV00000651,WH002,PROD00021,2026-06-01,2186,86,115
INV00000652,WH002,PROD00334,2026-07-02,219,0,154
INV00000653,WH002,PROD00114,2025-08-30,3624,342,188
INV00000654,WH002,PROD00420,2026-05-06,4168,136,46
INV00000655,WH002,PROD00331,2025-10-09,4415,352,141
INV00000656,WH002,PROD00423,2025-01-20,1116,240,78
INV00000657,WH002,PROD00403,2025-10-12,91,315,33
INV00000658,WH002,PROD00480,2026-02-15,3722,120,193
INV00000659,WH002,PROD00455,2025-07-12,3899,375,189
INV00000660,WH002,PROD00242,2026-04-18,4976,231,186
INV00000661,WH002,PROD00218,2025-03-06,2174,331,139
INV00000662,WH002,PROD00216,2025-01-16,1551,82,192
INV00000663,WH002,PROD00315,2025-09-19,0,441,110
INV00000664,WH002,PROD00221,2026-03-18,885,61,107
INV00000665,WH002,PROD00460,2026-07-01,4614,440,181
INV00000666,WH002,PROD00493,2025-07-31,3049,441,182
INV00000667,WH002,PROD00050,2025-10-16,2854,100,165
INV00000668,WH002,PROD00452,2025-04-15,2110,157,67
INV00000669,WH002,PROD00436,2026-08-01,16,314,163
INV00000670,WH002,PROD00001,2025-12-02,763,107,58
INV00000671,WH002,PROD00096,2025-06-26,4548,108,33
INV00000672,WH002,PROD00138,2025-06-07,3386,129,65
INV00000673,WH002,PROD00500,2026-07-18,589,217,167
INV00000674,WH002,PROD00297,2026-08-02,2896,49,176
INV00000675,WH002,PROD00487,2026-04-06,4441,427,150
INV00000676,WH002,PROD00109,2025-09-12,4003,70,111
INV00000677,WH002,PROD00062,2025-06-25,2507,136,90
INV00000678,WH002,PROD00440,2025-03-19,1705,109,56
INV00000679,WH002,PROD00197,2025-03-06,4067,373,114
INV00000680,WH002,PROD00401,2025-03-24,4695,442,185
INV00000681,WH002,PROD00177,2026-05-04,2637,126,198
INV00000682,WH002,PROD00357,2026-02-28,3723,189,50
INV00000683,WH002,PROD00136,2025-11-28,1638,216,89
INV00000684,WH002,PROD00110,2025-05-10,1826,400,182
INV00000685,WH002,PROD00261,2025-05-24,2554,485,67
INV00000686,WH002,PROD00250,2026-04-14,3831,193,174
INV00000687,WH002,PROD00451,2025-03-29,842,174,97
INV00000688,WH002,PROD00065,2026-02-08,205,123,173
INV00000689,WH002,PROD00328,2025-12-14,4448,35,183
INV00000690,WH002,PROD00418,2026-06-14,3191,424,47
INV00000691,WH002,PROD00045,2025-12-08,1159,23,110
INV00000692,WH002,PROD00120,2026-06-23,309,495,16
INV00000693,WH002,PROD00481,2026-06-29,1134,349,58
INV00000694,WH002,PROD00010,2025-08-31,326,471,181
INV00000695,WH002,PROD00400,2025-09-13,2874,172,136
INV00000696,WH002,PROD00089,2025-12-13,3647,124,133
INV00000697,WH002,PROD00201,2025-09-03,3983,454,138
INV00000698,WH002,PROD00270,2026-06-19,4614,218,137
INV00000699,WH002,PROD00174,2026-06-17,4654,397,57
INV00000700,WH002,PROD00457,2025-11-22,4313,203,37
INV00000701,WH002,PROD00383,2025-09-12,4173,241,107
INV00000702,WH002,PROD00429,2026-05-08,4396,300,22
INV00000703,WH002,PROD00222,2025-12-05,345,423,90
INV00000704,WH002,PROD00354,2025-08-26,4899,347,137
INV00000705,WH002,PROD00416,2025-12-18,2151,430,162
INV00000706,WH002,PROD00333,2026-07-06,4870,164,119
INV00000707,WH002,PROD00091,2026-06-14,1666,210,131
INV00000708,WH002,PROD00100,2025-06-07,649,363,129
INV00000709,WH002,PROD00431,2025-03-24,2448,184,43
INV00000710,WH002,PROD00165,2026-01-15,665,279,117
INV00000711,WH002,PROD00111,2025-08-14,86,462,130
INV00000712,WH002,PROD00053,2026-02-16,3099,492,175
INV00000713,WH002,PROD00336,2026-01-23,1854,276,176
INV00000714,WH002,PROD00499,2026-02-03,1152,107,129
INV00000715,WH002,PROD00039,2025-10-31,4251,110,143
INV00000716,WH002,PROD00298,2026-04-27,4548,107,111
INV00000717,WH002,PROD00365,2025-09-19,4372,202,187
INV00000718,WH002,PROD00152,2026-06-15,3132,461,199
INV00000719,WH002,PROD00489,2025-08-29,540,23,100
INV00000720,WH002,PROD00244,2025-11-03,1469,454,73
INV00000721,WH002,PROD00085,2025-04-21,1422,16,40
INV00000722,WH002,PROD00094,2026-04-01,1518,378,176
INV00000723,WH002,PROD00097,2026-03-09,0,275,24
INV00000724,WH002,PROD00301,2026-04-15,272,71,114
INV00000725,WH002,PROD00434,2025-02-16,3043,89,162
INV00000726,WH002,PROD00386,2025-06-28,2312,38,146
INV00000727,WH002,PROD00258,2025-10-26,4611,326,86
INV00000728,WH002,PROD00363,2026-02-14,631,451,72
INV00000729,WH002,PROD00339,2026-08-05,1363,440,184
INV00000730,WH002,PROD00019,2026-03-19,4067,127,63
INV00000731,WH002,PROD00169,2025-06-03,4739,486,17
INV00000732,WH002,PROD00035,2025-05-16,3477,451,47
INV00000733,WH002,PROD00041,2026-07-05,3743,421,116
INV00000734,WH002,PROD00317,2026-08-13,1148,202,46
INV00000735,WH002,PROD00068,2026-05-13,2547,376,40
INV00000736,WH002,PROD00128,2025-06-07,1121,218,49
INV00000737,WH002,PROD00140,2026-07-05,423,90,64
INV00000738,WH002,PROD00193,2025-12-07,529,20,91
INV00000739,WH002,PROD00304,2025-11-08,942,12,31
INV00000740,WH002,PROD00186,2025-08-18,125,369,80
INV00000741,WH002,PROD00099,2026-02-27,472,73,159
INV00000742,WH002,PROD00373,2026-06-08,155,162,185
INV00000743,WH002,PROD00064,2025-12-30,3511,477,146
INV00000744,WH002,PROD00117,2025-12-23,1621,321,126
INV00000745,WH002,PROD00224,2025-02-04,2366,258,106
INV00000746,WH002,PROD00175,2025-01-12,2788,441,139
INV00000747,WH002,PROD00437,2025-08-26,3932,442,117
INV00000748,WH002,PROD00389,2026-04-16,1823,376,54
INV00000749,WH002,PROD00028,2025-01-21,456,451,179
INV00000750,WH002,PROD00015,2025-09-19,459,175,77
INV00000751,WH002,PROD00369,2025-12-05,4348,360,121
INV00000752,WH002,PROD00377,2025-06-23,4029,125,31
INV00000753,WH002,PROD00092,2026-02-08,2270,252,94
INV00000754,WH002,PROD00255,2025-02-15,2793,436,163
INV00000755,WH002,PROD00240,2025-08-04,2634,46,94
INV00000756,WH002,PROD00072,2026-03-01,4115,499,190
INV00000757,WH002,PROD00290,2025-03-27,786,408,79
INV00000758,WH002,PROD00277,2025-09-30,370,282,100
INV00000759,WH002,PROD00414,2025-05-20,2339,386,47
INV00000760,WH002,PROD00014,2026-02-02,3549,23,37
INV00000761,WH002,PROD00495,2026-06-01,2965,316,151
INV00000762,WH002,PROD00260,2025-01-01,2835,16,116
INV00000763,WH002,PROD00142,2026-08-02,2059,1,199
INV00000764,WH002,PROD00484,2025-09-03,4636,77,54
INV00000765,WH002,PROD00348,2025-09-17,2017,347,149
INV00000766,WH002,PROD00220,2026-05-22,713,413,68
INV00000767,WH002,PROD00325,2025-09-26,4316,263,40
INV00000768,WH002,PROD00204,2026-02-16,2624,22,87
INV00000769,WH002,PROD00171,2025-08-23,4991,92,48
INV00000770,WH002,PROD00265,2026-03-15,2178,145,58
INV00000771,WH002,PROD00289,2025-10-28,4803,271,109
INV00000772,WH002,PROD00070,2025-03-17,4292,138,35
INV00000773,WH002,PROD00040,2026-07-29,3026,241,91
INV00000774,WH002,PROD00145,2026-07-13,2357,16,144
INV00000775,WH002,PROD00419,2025-09-28,1115,277,115
INV00000776,WH002,PROD00468,2025-03-24,2576,186,43
INV00000777,WH002,PROD00078,2026-06-28,3213,166,123
INV00000778,WH002,PROD00479,2025-04-16,2054,12,172
INV00000779,WH002,PROD00074,2025-11-20,4745,409,28
INV00000780,WH002,PROD00225,2026-07-20,2757,215,194
INV00000781,WH002,PROD00259,2025-08-22,3339,245,119
INV00000782,WH002,PROD00302,2026-07-16,3401,20,106
INV00000783,WH002,PROD00129,2025-06-07,3450,356,105
INV00000784,WH002,PROD00007,2026-05-10,3184,227,140
INV00000785,WH002,PROD00058,2025-06-24,4929,316,162
INV00000786,WH002,PROD00341,2025-07-20,89,311,86
INV00000787,WH002,PROD00471,2025-01-17,4972,305,152
INV00000788,WH002,PROD00444,2025-06-02,4894,290,127
INV00000789,WH002,PROD00320,2026-01-27,1336,298,139
INV00000790,WH002,PROD00121,2025-04-02,2096,173,77
INV00000791,WH002,PROD00183,2026-07-20,3754,495,31
INV00000792,WH002,PROD00319,2026-07-01,2574,100,168
INV00000793,WH002,PROD00081,2025-10-28,1593,127,113
INV00000794,WH002,PROD00173,2025-04-09,518,202,141
INV00000795,WH002,PROD00059,2026-02-26,2274,185,135
INV00000796,WH002,PROD00368,2026-07-26,2708,300,31
INV00000797,WH002,PROD00187,2025-12-26,922,403,17
INV00000798,WH002,PROD00051,2025-11-02,4185,184,106
INV00000799,WH002,PROD00228,2025-08-23,291,201,192
INV00000800,WH002,PROD00234,2025-07-23,270,344,111
INV00000801,WH002,PROD00189,2026-06-11,4542,255,29
INV00000802,WH002,PROD00087,2025-12-22,3161,282,44
INV00000803,WH002,PROD00318,2026-05-01,511,276,147
INV00000804,WH002,PROD00020,2025-07-03,577,407,49
INV00000805,WH002,PROD00203,2025-10-31,4545,11,63
INV00000806,WH002,PROD00163,2026-03-05,1023,303,166
INV00000807,WH002,PROD00295,2025-06-15,298,145,73
INV00000808,WH002,PROD00245,2026-04-22,176,400,150
INV00000809,WH002,PROD00157,2025-07-14,3861,200,95
INV00000810,WH002,PROD00485,2026-06-15,3278,160,108
INV00000811,WH002,PROD00229,2025-12-17,3777,166,147
INV00000812,WH002,PROD00170,2025-01-09,2071,128,130
INV00000813,WH002,PROD00205,2026-06-13,1425,271,116
INV00000814,WH002,PROD00447,2025-03-28,2364,383,132
INV00000815,WH002,PROD00279,2025-12-03,3342,5,113
INV00000816,WH002,PROD00236,2026-05-12,1475,364,129
INV00000817,WH002,PROD00042,2025-07-16,1958,421,159
INV00000818,WH002,PROD00246,2025-05-16,4654,382,184
INV00000819,WH002,PROD00131,2025-09-23,3917,34,139
INV00000820,WH002,PROD00243,2026-06-20,4552,498,126
INV00000821,WH002,PROD00239,2026-08-11,4253,413,45
INV00000822,WH002,PROD00214,2025-04-29,1386,329,169
INV00000823,WH002,PROD00082,2025-08-10,1582,199,137
INV00000824,WH002,PROD00494,2025-02-24,2937,194,180
INV00000825,WH002,PROD00026,2025-04-21,4704,117,140
INV00000826,WH002,PROD00306,2025-09-14,312,136,142
INV00000827,WH002,PROD00396,2026-02-15,2984,245,189
INV00000828,WH002,PROD00023,2025-07-24,1340,311,178
INV00000829,WH002,PROD00088,2025-08-11,4416,259,82
INV00000830,WH002,PROD00009,2025-07-04,4855,209,143
INV00000831,WH002,PROD00161,2025-01-21,1548,154,35
INV00000832,WH002,PROD00073,2025-07-20,3066,121,60
INV00000833,WH002,PROD00025,2025-09-23,2020,223,77
INV00000834,WH002,PROD00351,2025-06-05,201,66,62
INV00000835,WH002,PROD00107,2025-02-03,4087,196,103
INV00000836,WH002,PROD00101,2026-07-15,3132,338,118
INV00000837,WH002,PROD00226,2025-06-10,3609,358,86
INV00000838,WH002,PROD00153,2025-09-05,21,495,25
INV00000839,WH002,PROD00162,2026-07-11,2070,91,187
INV00000840,WH002,PROD00482,2025-09-09,4174,454,125
INV00000841,WH002,PROD00215,2026-06-17,3981,409,103
INV00000842,WH002,PROD00238,2026-05-28,1431,431,173
INV00000843,WH002,PROD00086,2026-04-10,513,311,72
INV00000844,WH002,PROD00394,2025-12-02,3403,215,176
INV00000845,WH002,PROD00209,2025-06-20,1552,370,137
INV00000846,WH002,PROD00066,2025-02-14,0,13,23
INV00000847,WH002,PROD00435,2025-02-28,3924,198,80
INV00000848,WH002,PROD00208,2026-04-26,4328,339,117
INV00000849,WH002,PROD00182,2025-09-01,3500,424,108
INV00000850,WH002,PROD00167,2025-02-12,998,397,141
INV00000851,WH002,PROD00272,2026-03-05,813,273,25
INV00000852,WH002,PROD00127,2026-01-20,3170,470,126
INV00000853,WH002,PROD00387,2025-02-07,690,100,54
INV00000854,WH002,PROD00263,2025-07-14,147,4,33
INV00000855,WH002,PROD00017,2025-02-11,1013,300,38
INV00000856,WH002,PROD00347,2026-04-03,2547,35,145
INV00000857,WH002,PROD00075,2026-03-03,2453,430,129
INV00000858,WH002,PROD00478,2025-05-10,4308,222,103
INV00000859,WH002,PROD00158,2026-06-21,2983,452,110
INV00000860,WH002,PROD00413,2025-02-01,1210,374,192
INV00000861,WH002,PROD00296,2025-10-02,3711,64,111
INV00000862,WH002,PROD00113,2026-04-11,3245,110,39
INV00000863,WH002,PROD00335,2026-01-22,2610,136,50
INV00000864,WH002,PROD00156,2026-02-10,2087,152,34
INV00000865,WH002,PROD00063,2026-06-27,4999,264,144
INV00000866,WH002,PROD00329,2026-01-06,3219,133,43
INV00000867,WH002,PROD00054,2026-07-07,3869,402,127
INV00000868,WH002,PROD00415,2025-08-07,3206,464,42
INV00000869,WH002,PROD00180,2026-07-09,3475,14,141
INV00000870,WH002,PROD00292,2025-05-26,2785,401,13
INV00000871,WH002,PROD00380,2026-01-11,4797,227,57
INV00000872,WH002,PROD00393,2026-01-04,886,213,87
INV00000873,WH002,PROD00061,2026-01-30,4091,236,200
INV00000874,WH002,PROD00488,2025-06-21,4469,431,182
INV00000875,WH002,PROD00355,2025-03-28,1489,35,78
INV00000876,WH002,PROD00223,2026-03-30,935,480,130
INV00000877,WH002,PROD00465,2025-08-27,2757,136,108
INV00000878,WH002,PROD00090,2026-02-20,802,486,188
INV00000879,WH002,PROD00367,2026-01-22,3182,488,33
INV00000880,WH002,PROD00293,2025-08-09,1501,426,72
INV00000881,WH002,PROD00303,2026-01-01,853,103,187
INV00000882,WH002,PROD00194,2026-07-19,3976,256,189
INV00000883,WH002,PROD00343,2025-04-20,519,191,167
INV00000884,WH002,PROD00248,2026-05-16,308,62,111
INV00000885,WH002,PROD00217,2026-01-02,3967,157,166
INV00000886,WH002,PROD00184,2026-01-02,3254,413,36
INV00000887,WH002,PROD00151,2026-01-01,2744,489,83
INV00000888,WH002,PROD00034,2026-02-16,4563,404,28
INV00000889,WH002,PROD00139,2026-06-04,884,228,180
INV00000890,WH002,PROD00005,2025-01-27,4116,197,152
INV00000891,WH002,PROD00149,2025-06-29,4305,33,154
INV00000892,WH002,PROD00253,2025-03-08,3505,270,68
INV00000893,WH002,PROD00409,2026-06-27,3714,51,109
INV00000894,WH002,PROD00178,2026-07-01,4928,366,185
INV00000895,WH002,PROD00247,2026-02-22,112,191,141
INV00000896,WH002,PROD00344,2025-10-07,1993,334,108
INV00000897,WH002,PROD00486,2026-01-27,4758,331,44
INV00000898,WH002,PROD00282,2025-09-07,1977,47,149
INV00000899,WH002,PROD00472,2025-01-22,378,175,29
INV00000900,WH002,PROD00308,2026-04-30,252,26,196
INV00000901,WH002,PROD00207,2025-05-02,1320,40,78
INV00000902,WH002,PROD00321,2025-04-19,2377,254,154
INV00000903,WH002,PROD00324,2025-11-20,4927,461,73
INV00000904,WH002,PROD00326,2026-06-24,1978,179,52
INV00000905,WH002,PROD00115,2025-12-03,3635,58,81
INV00000906,WH002,PROD00337,2025-08-09,3327,301,176
INV00000907,WH002,PROD00076,2025-02-14,4847,276,120
INV00000908,WH002,PROD00254,2026-04-04,1654,406,18
INV00000909,WH002,PROD00349,2025-07-09,3772,212,25
INV00000910,WH002,PROD00371,2026-03-09,868,87,159
INV00000911,WH002,PROD00044,2025-10-09,4140,352,183
INV00000912,WH002,PROD00210,2025-10-16,2308,446,71
INV00000913,WH002,PROD00003,2025-09-28,3602,371,52
INV00000914,WH002,PROD00497,2026-04-30,4230,204,85
INV00000915,WH002,PROD00029,2026-08-09,4041,448,151
INV00000916,WH002,PROD00464,2026-07-31,4376,417,197
INV00000917,WH002,PROD00199,2025-10-14,4867,333,87
INV00000918,WH002,PROD00286,2025-10-15,4964,17,162
INV00000919,WH002,PROD00284,2025-08-04,972,215,148
INV00000920,WH002,PROD00345,2025-04-15,2579,191,151
INV00000921,WH002,PROD00118,2026-03-14,3037,364,42
INV00000922,WH002,PROD00237,2025-02-18,2795,432,57
INV00000923,WH002,PROD00327,2026-07-29,4331,389,147
INV00000924,WH002,PROD00404,2025-05-18,2328,402,52
INV00000925,WH002,PROD00477,2026-08-12,4358,136,23
INV00000926,WH002,PROD00474,2026-01-27,3490,335,137
INV00000927,WH002,PROD00458,2025-09-02,2360,60,101
INV00000928,WH002,PROD00275,2025-04-27,2304,329,194
INV00000929,WH002,PROD00047,2025-08-14,1150,104,117
INV00000930,WH002,PROD00148,2026-07-23,2626,132,177
INV00000931,WH002,PROD00283,2026-04-15,1147,409,192
INV00000932,WH002,PROD00421,2025-07-10,3132,120,131
INV00000933,WH002,PROD00172,2025-09-29,2848,130,169
INV00000934,WH002,PROD00405,2025-06-26,953,206,151
INV00000935,WH002,PROD00476,2025-05-21,4249,207,173
INV00000936,WH002,PROD00123,2025-03-07,0,488,178
INV00000937,WH002,PROD00150,2025-12-01,1327,443,80
INV00000938,WH002,PROD00030,2025-04-07,3078,210,167
INV00000939,WH002,PROD00264,2025-01-08,3122,490,58
INV00000940,WH002,PROD00438,2026-04-08,360,398,192
INV00000941,WH002,PROD00352,2025-02-25,2141,450,26
INV00000942,WH002,PROD00235,2026-04-03,848,471,95
INV00000943,WH002,PROD00311,2026-08-13,0,360,128
INV00000944,WH002,PROD00219,2026-07-25,1343,205,116
INV00000945,WH002,PROD00300,2026-05-18,3379,155,150
INV00000946,WH002,PROD00154,2025-07-26,2352,294,73
INV00000947,WH002,PROD00049,2026-04-20,4438,381,131
INV00000948,WH002,PROD00232,2025-11-18,1934,383,61
INV00000949,WH002,PROD00002,2025-12-23,1737,256,150
INV00000950,WH002,PROD00102,2025-07-21,712,319,107
INV00000951,WH002,PROD00410,2025-06-02,4426,460,77
INV00000952,WH002,PROD00166,2026-05-24,4261,499,105
INV00000953,WH002,PROD00146,2025-08-20,1208,378,140
INV00000954,WH002,PROD00425,2026-01-08,4048,327,44
INV00000955,WH002,PROD00016,2026-07-12,4674,148,95
INV00000956,WH002,PROD00179,2025-03-07,1650,384,19
INV00000957,WH002,PROD00126,2026-01-01,4206,458,189
INV00000958,WH002,PROD00406,2025-08-15,2159,131,135
INV00000959,WH002,PROD00143,2025-01-04,3739,41,156
INV00000960,WH002,PROD00359,2025-03-30,1308,77,19
INV00000961,WH002,PROD00370,2025-07-01,1043,415,198
INV00000962,WH002,PROD00332,2026-03-16,4753,306,197
INV00000963,WH002,PROD00231,2025-12-20,517,350,45
INV00000964,WH002,PROD00271,2025-07-29,1172,10,197
INV00000965,WH002,PROD00432,2026-01-24,147,300,191
INV00000966,WH002,PROD00426,2025-05-29,3648,174,126
INV00000967,WH002,PROD00376,2025-01-03,1281,44,25
INV00000968,WH002,PROD00038,2026-07-18,1566,225,150
INV00000969,WH002,PROD00011,2025-04-22,1647,462,154
INV00000970,WH002,PROD00366,2026-04-12,4636,463,36
INV00000971,WH002,PROD00391,2026-02-18,899,328,92
INV00000972,WH002,PROD00133,2025-11-20,4007,197,152
INV00000973,WH002,PROD00095,2025-12-07,151,125,134
INV00000974,WH002,PROD00285,2026-05-28,4540,20,98
INV00000975,WH002,PROD00192,2025-08-09,3539,215,44
INV00000976,WH002,PROD00360,2026-05-22,1941,103,29
INV00000977,WH002,PROD00392,2026-03-04,4868,465,144
INV00000978,WH002,PROD00249,2025-06-16,897,402,148
INV00000979,WH002,PROD00252,2025-09-11,1041,364,67
INV00000980,WH002,PROD00490,2025-10-23,4903,356,146
INV00000981,WH002,PROD00036,2026-06-20,3908,486,22
INV00000982,WH002,PROD00195,2026-08-07,1315,279,136
INV00000983,WH002,PROD00022,2025-02-15,4756,250,66
INV00000984,WH002,PROD00469,2025-01-07,336,44,90
INV00000985,WH002,PROD00256,2026-06-27,2546,130,24
INV00000986,WH002,PROD00268,2025-11-15,275,213,62
INV00000987,WH002,PROD00262,2026-07-23,2550,151,44
INV00000988,WH002,PROD00033,2025-04-28,461,305,70
INV00000989,WH002,PROD00004,2025-10-20,4367,375,10
INV00000990,WH002,PROD00453,2026-08-13,15,118,19
INV00000991,WH002,PROD00395,2026-07-08,1446,92,160
INV00000992,WH002,PROD00281,2025-11-26,382,215,68
INV00000993,WH002,PROD00105,2026-06-03,1698,208,184
INV00000994,WH002,PROD00314,2026-07-04,729,379,127
INV00000995,WH002,PROD00130,2026-05-26,4038,195,115
INV00000996,WH002,PROD00135,2026-02-28,4994,425,199
INV00000997,WH002,PROD00462,2025-06-01,454,144,84
INV00000998,WH002,PROD00427,2026-04-09,1813,342,41
INV00000999,WH002,PROD00448,2025-07-10,3360,337,145
INV00001000,WH002,PROD00269,2026-06-26,2023,474,76
INV00001001,WH003,PROD00081,2025-06-12,3274,239,113
INV00001002,WH003,PROD00201,2025-03-31,1716,340,138
INV00001003,WH003,PROD00436,2026-04-19,2853,291,163
INV00001004,WH003,PROD00377,2025-02-01,1892,281,31
INV00001005,WH003,PROD00440,2025-04-27,3974,16,56
INV00001006,WH003,PROD00434,2025-05-24,199,454,162
INV00001007,WH003,PROD00063,2025-11-02,1428,316,144
INV00001008,WH003,PROD00169,2026-02-12,3316,8,17
INV00001009,WH003,PROD00486,2025-09-30,1189,239,44
INV00001010,WH003,PROD00067,2026-01-31,3767,125,185
INV00001011,WH003,PROD00147,2025-07-24,4236,309,175
INV00001012,WH003,PROD00293,2026-07-26,2474,495,72
INV00001013,WH003,PROD00202,2025-07-01,0,113,96
INV00001014,WH003,PROD00339,2025-03-21,4594,222,184
INV00001015,WH003,PROD00163,2025-10-08,983,73,166
INV00001016,WH003,PROD00120,2025-01-30,4129,255,16
INV00001017,WH003,PROD00497,2025-04-22,3219,299,85
INV00001018,WH003,PROD00119,2025-05-12,2600,153,47
INV00001019,WH003,PROD00175,2025-06-12,198,451,139
INV00001020,WH003,PROD00429,2026-06-22,4966,256,22
INV00001021,WH003,PROD00365,2025-06-27,3331,57,187
INV00001022,WH003,PROD00200,2026-06-02,1380,67,30
INV00001023,WH003,PROD00387,2025-09-18,2917,429,54
INV00001024,WH003,PROD00248,2026-01-28,4964,472,111
INV00001025,WH003,PROD00094,2025-12-24,500,231,176
INV00001026,WH003,PROD00359,2025-08-02,984,269,19
INV00001027,WH003,PROD00199,2025-11-05,805,128,87
INV00001028,WH003,PROD00042,2026-06-24,4817,92,159
INV00001029,WH003,PROD00328,2026-05-18,564,380,183
INV00001030,WH003,PROD00220,2025-12-21,723,18,68
INV00001031,WH003,PROD00381,2026-05-23,2245,275,175
INV00001032,WH003,PROD00398,2025-02-17,2412,141,52
INV00001033,WH003,PROD00277,2025-05-13,4461,83,100
INV00001034,WH003,PROD00430,2026-01-28,1093,470,176
INV00001035,WH003,PROD00280,2025-10-26,2731,438,137
INV00001036,WH003,PROD00366,2026-05-25,2408,346,36
INV00001037,WH003,PROD00142,2025-01-04,4367,117,199
INV00001038,WH003,PROD00270,2025-03-06,2044,394,137
INV00001039,WH003,PROD00333,2026-05-07,2206,443,119
INV00001040,WH003,PROD00136,2026-01-22,3061,305,89
INV00001041,WH003,PROD00343,2026-06-03,815,88,167
INV00001042,WH003,PROD00413,2026-02-03,2661,413,192
INV00001043,WH003,PROD00109,2026-03-22,1492,145,111
INV00001044,WH003,PROD00399,2026-04-07,4589,462,75
INV00001045,WH003,PROD00085,2025-05-20,0,225,40
INV00001046,WH003,PROD00331,2025-11-20,1307,233,141
INV00001047,WH003,PROD00369,2025-06-28,1355,28,121
INV00001048,WH003,PROD00431,2025-08-31,4001,216,43
INV00001049,WH003,PROD00439,2026-04-27,115,397,53
INV00001050,WH003,PROD00319,2025-02-15,2408,370,168
INV00001051,WH003,PROD00357,2025-01-03,242,110,50
INV00001052,WH003,PROD00096,2026-05-20,2716,114,33
INV00001053,WH003,PROD00348,2026-02-18,2487,17,149
INV00001054,WH003,PROD00206,2025-09-04,2986,348,98
INV00001055,WH003,PROD00422,2026-07-02,957,349,135
INV00001056,WH003,PROD00164,2026-06-07,1252,264,59
INV00001057,WH003,PROD00160,2026-07-30,4739,114,97
INV00001058,WH003,PROD00249,2025-02-08,1169,53,148
INV00001059,WH003,PROD00117,2025-05-18,2493,380,126
INV00001060,WH003,PROD00192,2025-11-29,746,464,44
INV00001061,WH003,PROD00349,2026-02-10,153,267,25
INV00001062,WH003,PROD00409,2025-12-28,4846,1,109
INV00001063,WH003,PROD00231,2025-04-11,4719,459,45
INV00001064,WH003,PROD00445,2025-10-18,3126,250,90
INV00001065,WH003,PROD00091,2026-02-19,80,306,131
INV00001066,WH003,PROD00100,2025-12-28,3986,167,129
INV00001067,WH003,PROD00259,2025-10-21,3370,205,119
INV00001068,WH003,PROD00153,2025-10-18,3243,488,25
INV00001069,WH003,PROD00127,2025-03-10,1815,63,126
INV00001070,WH003,PROD00271,2026-04-18,145,200,197
INV00001071,WH003,PROD00132,2025-06-25,1476,29,81
INV00001072,WH003,PROD00266,2025-01-19,3334,288,151
INV00001073,WH003,PROD00411,2025-12-02,1290,257,181
INV00001074,WH003,PROD00470,2026-06-25,3851,268,142
INV00001075,WH003,PROD00395,2025-02-21,1337,324,160
INV00001076,WH003,PROD00495,2025-03-30,4052,2,151
INV00001077,WH003,PROD00227,2025-06-25,2973,456,41
INV00001078,WH003,PROD00149,2025-11-06,272,446,154
INV00001079,WH003,PROD00370,2025-01-14,1816,61,198
INV00001080,WH003,PROD00316,2026-06-12,4653,143,86
INV00001081,WH003,PROD00151,2025-07-27,1518,129,83
INV00001082,WH003,PROD00247,2025-08-10,0,232,141
INV00001083,WH003,PROD00451,2025-11-11,1458,265,97
INV00001084,WH003,PROD00133,2025-11-17,3418,81,152
INV00001085,WH003,PROD00355,2025-11-21,3735,113,78
INV00001086,WH003,PROD00018,2025-02-21,4219,377,42
INV00001087,WH003,PROD00255,2025-05-01,1007,385,163
INV00001088,WH003,PROD00253,2025-12-02,3160,432,68
INV00001089,WH003,PROD00353,2025-06-16,4428,471,166
INV00001090,WH003,PROD00340,2025-05-05,3888,361,132
INV00001091,WH003,PROD00404,2025-12-06,3595,131,52
INV00001092,WH003,PROD00483,2025-08-05,1093,417,151
INV00001093,WH003,PROD00250,2025-06-16,986,371,174
INV00001094,WH003,PROD00500,2025-03-31,4966,309,167
INV00001095,WH003,PROD00450,2026-02-26,1134,341,86
INV00001096,WH003,PROD00029,2025-06-09,3316,395,151
INV00001097,WH003,PROD00314,2025-11-15,2671,392,127
INV00001098,WH003,PROD00308,2025-11-07,3181,247,196
INV00001099,WH003,PROD00241,2026-05-25,360,206,180
INV00001100,WH003,PROD00211,2026-02-19,860,165,177
INV00001101,WH003,PROD00276,2025-12-27,545,14,55
INV00001102,WH003,PROD00315,2025-05-28,199,164,110
INV00001103,WH003,PROD00354,2026-04-16,138,117,137
INV00001104,WH003,PROD00332,2026-07-10,3848,403,197
INV00001105,WH003,PROD00279,2025-09-24,3472,234,113
INV00001106,WH003,PROD00480,2025-03-04,3801,367,193
INV00001107,WH003,PROD00342,2025-12-29,3969,309,12
INV00001108,WH003,PROD00017,2025-07-27,1387,211,38
INV00001109,WH003,PROD00476,2025-08-14,109,259,173
INV00001110,WH003,PROD00351,2026-01-01,1139,191,62
INV00001111,WH003,PROD00157,2026-01-12,3994,136,95
INV00001112,WH003,PROD00478,2025-04-26,2521,376,103
INV00001113,WH003,PROD00498,2025-12-05,3288,328,20
INV00001114,WH003,PROD00118,2025-08-30,3511,259,42
INV00001115,WH003,PROD00407,2026-03-01,4256,213,132
INV00001116,WH003,PROD00076,2026-01-02,4238,240,120
INV00001117,WH003,PROD00024,2025-08-10,653,324,174
INV00001118,WH003,PROD00251,2025-08-15,4444,105,184
INV00001119,WH003,PROD00264,2025-07-27,809,200,58
INV00001120,WH003,PROD00389,2026-01-07,3900,350,54
INV00001121,WH003,PROD00075,2025-01-20,3161,205,129
INV00001122,WH003,PROD00326,2025-09-24,3148,475,52
INV00001123,WH003,PROD00448,2025-12-03,1105,289,145
INV00001124,WH003,PROD00496,2025-09-17,3268,300,172
INV00001125,WH003,PROD00041,2026-06-10,4015,355,116
INV00001126,WH003,PROD00003,2025-02-27,2782,11,52
INV00001127,WH003,PROD00447,2025-09-03,644,335,132
INV00001128,WH003,PROD00089,2026-01-10,1763,54,133
INV00001129,WH003,PROD00379,2026-07-31,0,119,120
INV00001130,WH003,PROD00390,2025-03-08,347,390,10
INV00001131,WH003,PROD00070,2026-04-25,0,200,35
INV00001132,WH003,PROD00364,2025-05-16,1185,9,149
INV00001133,WH003,PROD00065,2026-05-30,198,126,173
INV00001134,WH003,PROD00298,2025-05-03,1630,253,111
INV00001135,WH003,PROD00088,2025-02-26,1219,13,82
INV00001136,WH003,PROD00111,2025-08-09,2163,427,130
INV00001137,WH003,PROD00295,2026-02-03,2239,395,73
INV00001138,WH003,PROD00134,2026-04-07,2901,30,96
INV00001139,WH003,PROD00047,2025-04-08,441,169,117
INV00001140,WH003,PROD00303,2025-03-09,2279,39,187
INV00001141,WH003,PROD00494,2026-01-21,138,236,180
INV00001142,WH003,PROD00380,2025-12-30,3731,4,57
INV00001143,WH003,PROD00378,2025-11-11,657,207,42
INV00001144,WH003,PROD00441,2026-08-08,3578,356,94
INV00001145,WH003,PROD00135,2026-05-04,3438,183,199
INV00001146,WH003,PROD00080,2025-04-28,3676,493,179
INV00001147,WH003,PROD00341,2026-03-12,1027,12,86
INV00001148,WH003,PROD00016,2025-12-01,4957,96,95
INV00001149,WH003,PROD00312,2026-03-15,4644,219,167
INV00001150,WH003,PROD00417,2026-06-09,26,412,80
INV00001151,WH003,PROD00162,2025-06-26,3352,323,187
INV00001152,WH003,PROD00317,2025-02-23,1842,163,46
INV00001153,WH003,PROD00373,2026-07-25,3500,90,185
INV00001154,WH003,PROD00068,2026-04-13,2327,481,40
INV00001155,WH003,PROD00006,2025-08-21,4318,428,25
INV00001156,WH003,PROD00286,2026-06-05,940,227,162
INV00001157,WH003,PROD00382,2025-12-11,4140,63,45
INV00001158,WH003,PROD00056,2026-05-14,4122,408,32
INV00001159,WH003,PROD00217,2026-01-03,4525,4,166
INV00001160,WH003,PROD00130,2026-03-09,404,436,115
INV00001161,WH003,PROD00296,2026-02-02,3497,319,111
INV00001162,WH003,PROD00049,2025-11-02,1119,30,131
INV00001163,WH003,PROD00385,2025-03-07,544,453,130
INV00001164,WH003,PROD00426,2026-01-14,1336,123,126
INV00001165,WH003,PROD00335,2026-04-10,3335,194,50
INV00001166,WH003,PROD00051,2026-03-20,4555,370,106
INV00001167,WH003,PROD00475,2025-04-14,2208,80,115
INV00001168,WH003,PROD00040,2026-03-04,226,481,91
INV00001169,WH003,PROD00330,2025-03-25,2153,407,46
INV00001170,WH003,PROD00289,2025-12-17,1002,309,109
INV00001171,WH003,PROD00344,2026-07-06,2266,153,108
INV00001172,WH003,PROD00116,2025-12-18,804,242,185
INV00001173,WH003,PROD00168,2026-02-24,4444,228,16
INV00001174,WH003,PROD00414,2025-01-24,580,67,47
INV00001175,WH003,PROD00208,2025-03-21,121,106,117
INV00001176,WH003,PROD00209,2025-01-14,4069,486,137
INV00001177,WH003,PROD00008,2025-03-17,3240,385,155
INV00001178,WH003,PROD00246,2025-03-12,1680,400,184
INV00001179,WH003,PROD00372,2025-01-29,198,109,101
INV00001180,WH003,PROD00290,2026-07-17,2903,271,79
INV00001181,WH003,PROD00204,2025-07-07,3031,80,87
INV00001182,WH003,PROD00138,2025-07-18,4457,288,65
INV00001183,WH003,PROD00028,2025-06-23,4403,117,179
INV00001184,WH003,PROD00107,2026-02-26,3427,19,103
INV00001185,WH003,PROD00020,2025-09-26,314,151,49
INV00001186,WH003,PROD00073,2025-02-03,3681,334,60
INV00001187,WH003,PROD00154,2025-02-12,613,385,73
INV00001188,WH003,PROD00172,2025-02-07,3846,310,169
INV00001189,WH003,PROD00181,2026-01-19,3803,465,22
INV00001190,WH003,PROD00334,2026-04-03,2809,88,154
INV00001191,WH003,PROD00460,2025-02-17,4155,205,181
INV00001192,WH003,PROD00180,2025-03-12,2293,493,141
INV00001193,WH003,PROD00345,2025-12-20,1769,340,151
INV00001194,WH003,PROD00026,2025-05-20,4382,5,140
INV00001195,WH003,PROD00405,2026-08-08,4678,468,151
INV00001196,WH003,PROD00469,2026-02-08,41,290,90
INV00001197,WH003,PROD00019,2025-06-13,2364,433,63
INV00001198,WH003,PROD00302,2025-03-26,2046,404,106
INV00001199,WH003,PROD00046,2025-12-20,1910,314,93
INV00001200,WH003,PROD00489,2025-06-15,1680,271,100
INV00001201,WH003,PROD00257,2025-09-16,1309,340,163
INV00001202,WH003,PROD00190,2026-06-07,4294,430,16
INV00001203,WH003,PROD00011,2026-03-10,1287,187,154
INV00001204,WH003,PROD00418,2025-05-07,3180,16,47
INV00001205,WH003,PROD00023,2025-01-26,3955,268,178
INV00001206,WH003,PROD00069,2025-03-18,3249,224,123
INV00001207,WH003,PROD00097,2025-10-10,2443,289,24
INV00001208,WH003,PROD00025,2026-02-21,823,228,77
INV00001209,WH003,PROD00182,2025-10-02,934,180,108
INV00001210,WH003,PROD00053,2025-06-10,1833,181,175
INV00001211,WH003,PROD00322,2025-09-28,2973,425,127
INV00001212,WH003,PROD00307,2025-01-13,127,103,48
INV00001213,WH003,PROD00346,2026-08-09,4448,383,85
INV00001214,WH003,PROD00356,2026-06-21,1692,471,157
INV00001215,WH003,PROD00140,2026-01-30,1752,386,64
INV00001216,WH003,PROD00145,2025-07-28,4925,179,144
INV00001217,WH003,PROD00297,2025-01-14,277,192,176
INV00001218,WH003,PROD00360,2025-08-26,4926,213,29
INV00001219,WH003,PROD00166,2025-05-28,4203,166,105
INV00001220,WH003,PROD00329,2025-08-05,2335,462,43
INV00001221,WH003,PROD00396,2026-03-18,4481,190,189
INV00001222,WH003,PROD00444,2025-07-19,1145,78,127
INV00001223,WH003,PROD00323,2025-01-09,3146,350,103
INV00001224,WH003,PROD00338,2026-03-19,4193,210,177
INV00001225,WH003,PROD00443,2026-04-19,3157,333,115
INV00001226,WH003,PROD00045,2025-05-10,1815,7,110
INV00001227,WH003,PROD00362,2025-11-09,3964,161,151
INV00001228,WH003,PROD00237,2026-07-16,2199,248,57
INV00001229,WH003,PROD00079,2026-06-11,4893,333,114
INV00001230,WH003,PROD00137,2025-04-04,1576,208,22
INV00001231,WH003,PROD00203,2026-05-20,3159,453,63
INV00001232,WH003,PROD00472,2025-12-22,11,324,29
INV00001233,WH003,PROD00400,2025-11-22,3722,15,136
INV00001234,WH003,PROD00031,2025-05-16,4196,343,158
INV00001235,WH003,PROD00207,2026-03-15,3452,434,78
INV00001236,WH003,PROD00244,2025-02-25,3628,470,73
INV00001237,WH003,PROD00152,2026-05-12,1068,94,199
INV00001238,WH003,PROD00437,2025-10-02,2364,46,117
INV00001239,WH003,PROD00282,2025-07-12,2644,179,149
INV00001240,WH003,PROD00424,2025-09-29,225,157,142
INV00001241,WH003,PROD00104,2026-01-06,473,71,165
INV00001242,WH003,PROD00368,2025-05-30,4880,246,31
INV00001243,WH003,PROD00294,2025-06-07,319,172,52
INV00001244,WH003,PROD00103,2025-10-09,1331,13,12
INV00001245,WH003,PROD00121,2025-09-02,1823,483,77
INV00001246,WH003,PROD00187,2025-12-09,2470,484,17
INV00001247,WH003,PROD00455,2025-08-30,110,245,189
INV00001248,WH003,PROD00267,2026-04-01,2182,345,141
INV00001249,WH003,PROD00397,2026-07-01,3912,455,154
INV00001250,WH003,PROD00114,2025-05-11,2427,109,188
INV00001251,WH003,PROD00238,2025-11-19,55,465,173
INV00001252,WH003,PROD00191,2026-06-29,389,423,190
INV00001253,WH003,PROD00384,2025-03-27,3421,301,109
INV00001254,WH003,PROD00184,2025-06-30,2249,421,36
INV00001255,WH003,PROD00226,2025-11-17,582,228,86
INV00001256,WH003,PROD00446,2025-05-28,573,465,50
INV00001257,WH003,PROD00393,2026-04-25,772,211,87
INV00001258,WH003,PROD00216,2025-01-01,4794,324,192
INV00001259,WH003,PROD00459,2026-08-01,4823,196,133
INV00001260,WH003,PROD00423,2026-04-01,3516,10,78
INV00001261,WH003,PROD00428,2026-04-06,2423,361,99
INV00001262,WH003,PROD00144,2025-07-08,2318,172,168
INV00001263,WH003,PROD00015,2025-09-29,3338,404,77
INV00001264,WH003,PROD00320,2025-07-03,728,454,139
INV00001265,WH003,PROD00482,2026-05-23,813,262,125
INV00001266,WH003,PROD00178,2025-07-31,1948,60,185
INV00001267,WH003,PROD00463,2026-03-18,4407,364,12
INV00001268,WH003,PROD00050,2026-07-13,337,287,165
INV00001269,WH003,PROD00262,2025-09-10,647,414,44
INV00001270,WH003,PROD00082,2025-01-09,2114,427,137
INV00001271,WH003,PROD00462,2025-01-25,2795,78,84
INV00001272,WH003,PROD00055,2025-05-02,4691,41,147
INV00001273,WH003,PROD00427,2025-02-20,3323,373,41
INV00001274,WH003,PROD00092,2026-07-25,37,416,94
INV00001275,WH003,PROD00481,2025-02-03,1464,232,58
INV00001276,WH003,PROD00038,2025-03-27,2578,413,150
INV00001277,WH003,PROD00375,2026-05-03,594,466,113
INV00001278,WH003,PROD00150,2025-09-03,1356,156,80
INV00001279,WH003,PROD00173,2025-03-16,1906,59,141
INV00001280,WH003,PROD00188,2025-03-06,3333,73,102
INV00001281,WH003,PROD00268,2025-12-16,3758,95,62
INV00001282,WH003,PROD00002,2025-08-18,4665,343,150
INV00001283,WH003,PROD00313,2026-06-20,2169,457,190
INV00001284,WH003,PROD00347,2025-05-04,4812,429,145
INV00001285,WH003,PROD00452,2025-11-13,669,455,67
INV00001286,WH003,PROD00383,2025-03-15,430,274,107
INV00001287,WH003,PROD00477,2025-08-14,3085,260,23
INV00001288,WH003,PROD00176,2025-01-25,3884,94,14
INV00001289,WH003,PROD00059,2026-01-29,1645,223,135
INV00001290,WH003,PROD00327,2025-01-21,1509,21,147
INV00001291,WH003,PROD00403,2026-05-01,2027,21,33
INV00001292,WH003,PROD00490,2026-03-05,3718,31,146
INV00001293,WH003,PROD00235,2025-04-14,116,181,95
INV00001294,WH003,PROD00474,2025-01-21,4658,340,137
INV00001295,WH003,PROD00292,2025-02-04,3564,115,13
INV00001296,WH003,PROD00432,2025-01-17,4591,337,191
INV00001297,WH003,PROD00442,2026-07-31,4810,255,172
INV00001298,WH003,PROD00193,2025-03-10,1097,173,91
INV00001299,WH003,PROD00064,2025-08-16,1566,357,146
INV00001300,WH003,PROD00306,2026-01-02,2284,188,142
INV00001301,WH003,PROD00467,2025-01-07,3382,323,107
INV00001302,WH003,PROD00425,2026-07-17,2937,58,44
INV00001303,WH003,PROD00090,2025-05-10,561,330,188
INV00001304,WH003,PROD00066,2025-10-13,1570,216,23
INV00001305,WH003,PROD00037,2026-03-18,3048,114,162
INV00001306,WH003,PROD00009,2025-04-13,3650,449,143
INV00001307,WH003,PROD00367,2025-08-13,4693,202,33
INV00001308,WH003,PROD00485,2026-05-03,2777,144,108
INV00001309,WH003,PROD00309,2025-03-17,4049,159,131
INV00001310,WH003,PROD00291,2026-03-02,1368,311,36
INV00001311,WH003,PROD00086,2025-10-06,2092,249,72
INV00001312,WH003,PROD00466,2026-01-23,4288,148,50
INV00001313,WH003,PROD00300,2025-09-14,2124,491,150
INV00001314,WH003,PROD00113,2026-01-10,1498,263,39
INV00001315,WH003,PROD00054,2025-03-26,4334,351,127
INV00001316,WH003,PROD00222,2025-01-16,240,311,90
INV00001317,WH003,PROD00155,2025-09-09,2619,69,109
INV00001318,WH003,PROD00131,2026-06-21,498,377,139
INV00001319,WH003,PROD00402,2025-11-30,1173,464,76
INV00001320,WH003,PROD00194,2025-03-11,1437,161,189
INV00001321,WH003,PROD00033,2025-10-18,1478,64,70
INV00001322,WH003,PROD00112,2026-03-17,1547,367,128
INV00001323,WH003,PROD00350,2026-08-12,1198,62,112
INV00001324,WH003,PROD00228,2026-08-12,394,90,192
INV00001325,WH003,PROD00034,2025-02-28,2139,319,28
INV00001326,WH003,PROD00058,2025-10-28,677,135,162
INV00001327,WH003,PROD00005,2025-10-26,2601,448,152
INV00001328,WH003,PROD00186,2025-07-31,1534,289,80
INV00001329,WH003,PROD00239,2026-07-16,3020,446,45
INV00001330,WH003,PROD00043,2025-07-01,2813,191,117
INV00001331,WH003,PROD00198,2025-09-11,506,175,42
INV00001332,WH003,PROD00468,2026-03-07,4752,37,43
INV00001333,WH003,PROD00052,2025-10-21,2280,289,87
INV00001334,WH003,PROD00098,2026-06-15,2286,183,56
INV00001335,WH003,PROD00304,2025-07-26,237,16,31
INV00001336,WH003,PROD00394,2026-05-16,2289,132,176
INV00001337,WH003,PROD00449,2026-08-01,2839,160,89
INV00001338,WH003,PROD00499,2025-01-22,3775,461,129
INV00001339,WH003,PROD00454,2026-05-07,4136,129,177
INV00001340,WH003,PROD00183,2025-02-23,3106,308,31
INV00001341,WH003,PROD00213,2025-10-04,2656,465,151
INV00001342,WH003,PROD00363,2026-07-11,227,263,72
INV00001343,WH003,PROD00012,2026-03-04,1367,354,72
INV00001344,WH003,PROD00087,2025-01-13,2094,200,44
INV00001345,WH003,PROD00044,2025-01-02,1227,200,183
INV00001346,WH003,PROD00273,2026-07-31,4201,54,191
INV00001347,WH003,PROD00125,2026-04-18,2890,84,80
INV00001348,WH003,PROD00225,2025-11-10,4768,330,194
INV00001349,WH003,PROD00027,2026-01-24,3947,235,147
INV00001350,WH003,PROD00242,2025-09-22,3997,166,186
INV00001351,WH003,PROD00072,2025-05-12,2950,453,190
INV00001352,WH003,PROD00236,2026-01-19,3970,382,129
INV00001353,WH003,PROD00453,2026-03-01,3338,311,19
INV00001354,WH003,PROD00464,2026-07-11,3053,407,197
INV00001355,WH003,PROD00416,2025-08-16,4811,354,162
INV00001356,WH003,PROD00128,2025-08-26,4554,371,49
INV00001357,WH003,PROD00484,2025-09-14,934,168,54
INV00001358,WH003,PROD00284,2026-01-01,3792,264,148
INV00001359,WH003,PROD00438,2025-04-04,2019,223,192
INV00001360,WH003,PROD00419,2026-02-19,3538,260,115
INV00001361,WH003,PROD00099,2025-06-08,3801,427,159
INV00001362,WH003,PROD00062,2026-04-12,1070,448,90
INV00001363,WH003,PROD00108,2026-01-27,3349,8,96
INV00001364,WH003,PROD00245,2025-02-28,4212,30,150
INV00001365,WH003,PROD00412,2026-03-29,3095,489,109
INV00001366,WH003,PROD00371,2025-10-07,1220,190,159
INV00001367,WH003,PROD00158,2026-05-18,2763,365,110
INV00001368,WH003,PROD00215,2025-04-19,4111,48,103
INV00001369,WH003,PROD00301,2026-05-16,3351,494,114
INV00001370,WH003,PROD00177,2025-11-24,4008,74,198
INV00001371,WH003,PROD00221,2025-08-13,1849,398,107
INV00001372,WH003,PROD00435,2025-02-14,4024,328,80
INV00001373,WH003,PROD00374,2025-11-05,127,398,73
INV00001374,WH003,PROD00196,2025-05-09,2446,188,32
INV00001375,WH003,PROD00305,2025-03-08,4712,255,183
INV00001376,WH003,PROD00224,2025-08-09,23,29,106
INV00001377,WH003,PROD00458,2025-11-11,603,108,101
INV00001378,WH003,PROD00321,2026-02-16,4626,403,154
INV00001379,WH003,PROD00115,2026-04-30,4730,305,81
INV00001380,WH003,PROD00129,2025-07-01,417,225,105
INV00001381,WH003,PROD00048,2025-07-10,1621,353,27
INV00001382,WH003,PROD00492,2025-02-22,3293,423,186
INV00001383,WH003,PROD00139,2025-10-18,2788,402,180
INV00001384,WH003,PROD00336,2025-11-30,1147,204,176
INV00001385,WH003,PROD00256,2025-06-29,2942,103,24
INV00001386,WH003,PROD00219,2025-10-28,1650,272,116
INV00001387,WH003,PROD00148,2025-01-27,92,243,177
INV00001388,WH003,PROD00122,2025-11-14,1773,313,102
INV00001389,WH003,PROD00406,2025-10-22,32,32,135
INV00001390,WH003,PROD00410,2026-07-27,3854,233,77
INV00001391,WH003,PROD00352,2026-07-31,3602,192,26
INV00001392,WH003,PROD00421,2026-03-26,1882,434,131
INV00001393,WH003,PROD00156,2025-01-01,3255,177,34
INV00001394,WH003,PROD00102,2025-07-25,2318,265,107
INV00001395,WH003,PROD00197,2026-04-10,2055,465,114
INV00001396,WH003,PROD00093,2025-12-11,3725,176,177
INV00001397,WH003,PROD00230,2025-07-13,2632,357,22
INV00001398,WH003,PROD00123,2025-06-02,77,196,178
INV00001399,WH003,PROD00174,2026-07-11,2461,314,57
INV00001400,WH003,PROD00261,2025-01-20,4655,301,67
INV00001401,WH003,PROD00141,2026-04-17,726,4,43
INV00001402,WH003,PROD00265,2026-01-30,4738,198,58
INV00001403,WH003,PROD00299,2025-07-23,4749,436,110
INV00001404,WH003,PROD00288,2025-10-09,3423,158,85
INV00001405,WH003,PROD00078,2025-12-11,1804,156,123
INV00001406,WH003,PROD00205,2026-01-26,2093,165,116
INV00001407,WH003,PROD00415,2026-01-17,1130,427,42
INV00001408,WH003,PROD00310,2025-08-22,2621,457,97
INV00001409,WH003,PROD00084,2025-09-04,710,199,89
INV00001410,WH003,PROD00014,2025-11-17,2363,151,37
INV00001411,WH003,PROD00479,2026-02-14,4349,78,172
INV00001412,WH003,PROD00361,2026-02-10,55,144,21
INV00001413,WH003,PROD00101,2025-01-14,1793,168,118
INV00001414,WH003,PROD00388,2025-05-10,1903,234,17
INV00001415,WH003,PROD00254,2026-07-21,3712,234,18
INV00001416,WH003,PROD00039,2025-11-19,1330,484,143
INV00001417,WH003,PROD00171,2025-11-22,4742,164,48
INV00001418,WH003,PROD00077,2025-02-27,1244,8,157
INV00001419,WH003,PROD00457,2025-12-21,3609,181,37
INV00001420,WH003,PROD00110,2026-06-07,0,148,182
INV00001421,WH003,PROD00272,2025-01-06,3627,457,25
INV00001422,WH003,PROD00010,2025-05-15,653,453,181
INV00001423,WH003,PROD00420,2025-05-27,578,317,46
INV00001424,WH003,PROD00032,2026-01-02,877,189,198
INV00001425,WH003,PROD00488,2025-07-02,912,480,182
INV00001426,WH003,PROD00274,2026-04-27,4729,101,167
INV00001427,WH003,PROD00258,2025-09-26,2907,149,86
INV00001428,WH003,PROD00391,2025-01-04,3643,467,92
INV00001429,WH003,PROD00004,2026-03-28,2841,345,10
INV00001430,WH003,PROD00095,2025-10-24,2073,409,134
INV00001431,WH003,PROD00461,2025-10-27,868,385,75
INV00001432,WH003,PROD00311,2026-05-01,2048,4,128
INV00001433,WH003,PROD00030,2025-08-12,716,30,167
INV00001434,WH003,PROD00456,2026-04-23,4005,483,169
INV00001435,WH003,PROD00218,2026-06-21,3434,296,139
INV00001436,WH003,PROD00275,2026-02-17,1079,173,194
INV00001437,WH003,PROD00233,2025-07-24,534,76,69
INV00001438,WH003,PROD00324,2026-04-16,455,191,73
INV00001439,WH003,PROD00408,2025-02-03,3192,5,39
INV00001440,WH003,PROD00105,2025-06-22,1248,245,184
INV00001441,WH003,PROD00021,2026-06-18,958,436,115
INV00001442,WH003,PROD00074,2025-03-05,4964,34,28
INV00001443,WH003,PROD00487,2025-10-13,1191,477,150
INV00001444,WH003,PROD00493,2026-01-27,3152,446,182
INV00001445,WH003,PROD00013,2025-01-30,1488,377,177
INV00001446,WH003,PROD00285,2025-09-23,3999,271,98
INV00001447,WH003,PROD00071,2025-11-08,3203,442,50
INV00001448,WH003,PROD00491,2026-05-25,2597,27,24
INV00001449,WH003,PROD00283,2025-02-10,1868,205,192
INV00001450,WH003,PROD00433,2025-09-08,4838,116,183
INV00001451,WH003,PROD00167,2026-02-24,3116,245,141
INV00001452,WH003,PROD00007,2025-12-02,4395,479,140
INV00001453,WH003,PROD00036,2026-02-05,357,383,22
INV00001454,WH003,PROD00060,2026-01-14,2655,342,187
INV00001455,WH003,PROD00161,2026-05-18,1192,30,35
INV00001456,WH003,PROD00170,2026-03-24,3434,312,130
INV00001457,WH003,PROD00232,2025-05-22,4813,437,61
INV00001458,WH003,PROD00001,2025-01-20,1934,290,58
INV00001459,WH003,PROD00234,2025-07-30,1768,410,111
INV00001460,WH003,PROD00229,2025-02-09,1453,197,147
INV00001461,WH003,PROD00278,2025-05-05,297,33,188
INV00001462,WH003,PROD00465,2025-06-14,3411,108,108
INV00001463,WH003,PROD00223,2025-12-20,162,101,130
INV00001464,WH003,PROD00214,2026-06-06,201,173,169
INV00001465,WH003,PROD00165,2026-07-07,1667,251,117
INV00001466,WH003,PROD00325,2025-01-23,3091,405,40
INV00001467,WH003,PROD00189,2025-02-14,4904,8,29
INV00001468,WH003,PROD00386,2025-04-08,4273,346,146
INV00001469,WH003,PROD00057,2025-10-16,1828,10,17
INV00001470,WH003,PROD00392,2026-07-27,3682,266,144
INV00001471,WH003,PROD00269,2025-03-17,624,481,76
INV00001472,WH003,PROD00401,2026-01-05,16,338,185
INV00001473,WH003,PROD00083,2026-07-10,3174,91,188
INV00001474,WH003,PROD00061,2025-07-09,4203,242,200
INV00001475,WH003,PROD00337,2026-03-26,2145,442,176
INV00001476,WH003,PROD00195,2025-12-16,2437,300,136
INV00001477,WH003,PROD00124,2025-12-23,1611,450,37
INV00001478,WH003,PROD00287,2026-05-13,3106,304,101
INV00001479,WH003,PROD00243,2025-03-03,1027,431,126
INV00001480,WH003,PROD00252,2025-05-11,3678,426,67
INV00001481,WH003,PROD00035,2025-07-02,2050,438,47
INV00001482,WH003,PROD00146,2026-07-29,247,85,140
INV00001483,WH003,PROD00022,2025-09-05,1054,373,66
INV00001484,WH003,PROD00376,2025-07-06,1817,73,25
INV00001485,WH003,PROD00263,2025-09-02,4138,205,33
INV00001486,WH003,PROD00240,2025-09-22,2289,499,94
INV00001487,WH003,PROD00185,2025-01-29,1857,456,123
INV00001488,WH003,PROD00212,2025-09-12,4832,187,196
INV00001489,WH003,PROD00143,2026-06-02,3649,466,156
INV00001490,WH003,PROD00318,2025-10-20,3078,491,147
INV00001491,WH003,PROD00471,2025-10-27,1150,26,152
INV00001492,WH003,PROD00159,2025-01-25,3460,398,181
INV00001493,WH003,PROD00473,2025-02-07,3646,56,174
INV00001494,WH003,PROD00106,2025-06-11,3502,135,43
INV00001495,WH003,PROD00126,2025-05-11,3983,274,189
INV00001496,WH003,PROD00281,2025-02-02,3969,113,68
INV00001497,WH003,PROD00358,2025-05-08,2743,447,21
INV00001498,WH003,PROD00179,2025-02-20,3598,471,19
INV00001499,WH003,PROD00260,2025-07-17,599,340,116
INV00001500,WH003,PROD00210,2025-01-01,2841,226,71
INV00001501,WH004,PROD00360,2025-07-22,2575,346,29
INV00001502,WH004,PROD00030,2025-12-21,1921,317,167
INV00001503,WH004,PROD00151,2025-01-14,2294,55,83
INV00001504,WH004,PROD00080,2025-11-03,1470,328,179
INV00001505,WH004,PROD00119,2025-01-01,4503,410,47
INV00001506,WH004,PROD00397,2026-03-06,4289,21,154
INV00001507,WH004,PROD00292,2025-04-11,2625,171,13
INV00001508,WH004,PROD00228,2025-03-14,1589,108,192
INV00001509,WH004,PROD00033,2026-08-05,1961,447,70
INV00001510,WH004,PROD00069,2025-07-29,955,350,123
INV00001511,WH004,PROD00208,2025-06-02,1258,286,117
INV00001512,WH004,PROD00179,2025-05-01,3749,159,19
INV00001513,WH004,PROD00083,2025-08-28,1387,96,188
INV00001514,WH004,PROD00253,2025-10-01,1093,269,68
INV00001515,WH004,PROD00215,2026-04-14,604,458,103
INV00001516,WH004,PROD00268,2025-01-08,4666,16,62
INV00001517,WH004,PROD00382,2026-06-03,1100,275,45
INV00001518,WH004,PROD00339,2025-05-08,4987,54,184
INV00001519,WH004,PROD00041,2026-01-05,1922,196,116
INV00001520,WH004,PROD00415,2026-06-21,195,138,42
INV00001521,WH004,PROD00455,2025-01-08,1088,364,189
INV00001522,WH004,PROD00356,2026-03-22,2816,371,157
INV00001523,WH004,PROD00391,2025-05-27,3214,405,92
INV00001524,WH004,PROD00440,2025-07-20,1171,129,56
INV00001525,WH004,PROD00265,2025-03-16,4152,75,58
INV00001526,WH004,PROD00086,2026-04-13,145,396,72
INV00001527,WH004,PROD00411,2025-10-05,718,245,181
INV00001528,WH004,PROD00204,2026-07-13,3846,0,87
INV00001529,WH004,PROD00499,2025-12-12,1907,56,129
INV00001530,WH004,PROD00173,2025-06-12,2664,94,141
INV00001531,WH004,PROD00011,2025-12-19,4464,210,154
INV00001532,WH004,PROD00019,2026-08-02,1950,463,63
INV00001533,WH004,PROD00071,2025-04-11,718,408,50
INV00001534,WH004,PROD00245,2025-10-09,3788,263,150
INV00001535,WH004,PROD00084,2025-04-24,4516,131,89
INV00001536,WH004,PROD00317,2026-01-07,4328,326,46
INV00001537,WH004,PROD00392,2025-11-15,479,257,144
INV00001538,WH004,PROD00234,2026-03-23,0,354,111
INV00001539,WH004,PROD00273,2025-03-25,4053,449,191
INV00001540,WH004,PROD00075,2026-04-29,4116,265,129
INV00001541,WH004,PROD00258,2025-11-03,4637,272,86
INV00001542,WH004,PROD00143,2026-08-07,1600,212,156
INV00001543,WH004,PROD00296,2025-08-28,3902,79,111
INV00001544,WH004,PROD00131,2025-05-17,910,85,139
INV00001545,WH004,PROD00461,2025-05-03,952,60,75
INV00001546,WH004,PROD00111,2025-03-15,2259,115,130
INV00001547,WH004,PROD00282,2025-08-17,4802,144,149
INV00001548,WH004,PROD00052,2025-01-25,2431,292,87
INV00001549,WH004,PROD00457,2025-04-14,4746,268,37
INV00001550,WH004,PROD00056,2026-02-27,2740,265,32
INV00001551,WH004,PROD00139,2025-09-01,3444,240,180
INV00001552,WH004,PROD00154,2025-05-04,475,93,73
INV00001553,WH004,PROD00399,2025-04-27,3427,383,75
INV00001554,WH004,PROD00104,2025-06-22,2222,485,165
INV00001555,WH004,PROD00467,2026-02-20,3550,342,107
INV00001556,WH004,PROD00430,2025-12-18,385,281,176
INV00001557,WH004,PROD00015,2026-03-25,4366,365,77
INV00001558,WH004,PROD00275,2025-01-14,2369,226,194
INV00001559,WH004,PROD00157,2025-05-30,692,89,95
INV00001560,WH004,PROD00233,2025-02-27,1071,190,69
INV00001561,WH004,PROD00137,2026-07-01,4766,66,22
INV00001562,WH004,PROD00380,2025-05-16,3820,65,57
INV00001563,WH004,PROD00169,2025-08-05,654,231,17
INV00001564,WH004,PROD00249,2026-08-10,4263,500,148
INV00001565,WH004,PROD00474,2025-09-12,1753,148,137
INV00001566,WH004,PROD00400,2026-06-20,3323,38,136
INV00001567,WH004,PROD00377,2025-05-06,1342,40,31
INV00001568,WH004,PROD00446,2026-07-05,3369,47,50
INV00001569,WH004,PROD00066,2026-01-28,2512,116,23
INV00001570,WH004,PROD00198,2025-02-28,2731,109,42
INV00001571,WH004,PROD00475,2025-06-26,1724,110,115
INV00001572,WH004,PROD00078,2026-04-15,4774,377,123
INV00001573,WH004,PROD00036,2026-04-10,3282,325,22
INV00001574,WH004,PROD00423,2025-03-11,2602,185,78
INV00001575,WH004,PROD00079,2026-02-06,430,441,114
INV00001576,WH004,PROD00427,2025-09-24,4819,83,41
INV00001577,WH004,PROD00350,2025-07-18,1676,311,112
INV00001578,WH004,PROD00121,2025-02-02,227,399,77
INV00001579,WH004,PROD00308,2026-01-24,0,174,196
INV00001580,WH004,PROD00184,2025-10-06,3125,282,36
INV00001581,WH004,PROD00195,2026-05-22,3255,149,136
INV00001582,WH004,PROD00177,2025-03-31,2474,329,198
INV00001583,WH004,PROD00342,2026-03-22,1839,417,12
INV00001584,WH004,PROD00344,2025-12-14,274,326,108
INV00001585,WH004,PROD00120,2026-02-12,3989,439,16
INV00001586,WH004,PROD00028,2026-03-13,3217,59,179
INV00001587,WH004,PROD00150,2026-04-23,1903,490,80
INV00001588,WH004,PROD00413,2026-08-04,3257,454,192
INV00001589,WH004,PROD00132,2025-12-28,1293,208,81
INV00001590,WH004,PROD00094,2026-01-07,2357,328,176
INV00001591,WH004,PROD00191,2026-04-03,4482,215,190
INV00001592,WH004,PROD00319,2026-06-19,3677,317,168
INV00001593,WH004,PROD00463,2026-03-10,4977,240,12
INV00001594,WH004,PROD00129,2025-04-05,3355,170,105
INV00001595,WH004,PROD00436,2025-07-31,4652,178,163
INV00001596,WH004,PROD00243,2025-01-10,4604,239,126
INV00001597,WH004,PROD00307,2026-07-18,2500,489,48
INV00001598,WH004,PROD00051,2025-12-30,4775,50,106
INV00001599,WH004,PROD00024,2026-06-26,13,371,174
INV00001600,WH004,PROD00241,2026-04-10,4015,250,180
INV00001601,WH004,PROD00425,2025-12-23,879,258,44
INV00001602,WH004,PROD00089,2025-10-25,1623,491,133
INV00001603,WH004,PROD00386,2025-07-28,4082,443,146
INV00001604,WH004,PROD00470,2025-06-27,4133,413,142
INV00001605,WH004,PROD00444,2026-06-18,3294,312,127
INV00001606,WH004,PROD00420,2025-05-06,1165,323,46
INV00001607,WH004,PROD00236,2025-09-14,4094,229,129
INV00001608,WH004,PROD00320,2025-09-24,4184,312,139
INV00001609,WH004,PROD00099,2026-04-05,4907,306,159
INV00001610,WH004,PROD00431,2025-09-06,2609,434,43
INV00001611,WH004,PROD00165,2025-03-20,728,182,117
INV00001612,WH004,PROD00035,2026-03-03,1552,495,47
INV00001613,WH004,PROD00384,2025-05-31,1040,37,109
INV00001614,WH004,PROD00130,2025-06-22,2354,208,115
INV00001615,WH004,PROD00435,2026-07-17,2545,57,80
INV00001616,WH004,PROD00372,2025-09-18,197,85,101
INV00001617,WH004,PROD00223,2025-10-07,2679,348,130
INV00001618,WH004,PROD00387,2025-10-25,3821,340,54
INV00001619,WH004,PROD00193,2025-08-15,3041,386,91
INV00001620,WH004,PROD00390,2026-02-25,1941,349,10
INV00001621,WH004,PROD00394,2025-06-01,968,131,176
INV00001622,WH004,PROD00159,2025-04-10,1710,83,181
INV00001623,WH004,PROD00486,2025-09-01,4870,484,44
INV00001624,WH004,PROD00206,2026-06-28,459,392,98
INV00001625,WH004,PROD00496,2025-03-24,1918,91,172
INV00001626,WH004,PROD00105,2025-04-24,1510,7,184
INV00001627,WH004,PROD00164,2026-04-29,3062,442,59
INV00001628,WH004,PROD00500,2025-08-13,135,364,167
INV00001629,WH004,PROD00432,2025-01-03,2717,270,191
INV00001630,WH004,PROD00487,2026-07-07,3787,142,150
INV00001631,WH004,PROD00459,2026-05-08,3817,471,133
INV00001632,WH004,PROD00298,2025-07-03,2020,383,111
INV00001633,WH004,PROD00424,2025-01-23,3645,201,142
INV00001634,WH004,PROD00428,2026-01-27,592,119,99
INV00001635,WH004,PROD00155,2025-08-25,2409,494,109
INV00001636,WH004,PROD00114,2025-04-18,3041,71,188
INV00001637,WH004,PROD00118,2026-05-13,3325,204,42
INV00001638,WH004,PROD00138,2026-01-22,292,341,65
INV00001639,WH004,PROD00244,2025-08-29,1077,365,73
INV00001640,WH004,PROD00161,2026-05-28,2232,181,35
INV00001641,WH004,PROD00289,2026-01-20,3205,391,109
INV00001642,WH004,PROD00498,2025-07-26,1309,425,20
INV00001643,WH004,PROD00312,2026-04-09,1446,9,167
INV00001644,WH004,PROD00023,2025-10-22,2872,237,178
INV00001645,WH004,PROD00454,2025-03-18,234,335,177
INV00001646,WH004,PROD00091,2026-03-23,1455,49,131
INV00001647,WH004,PROD00445,2025-08-13,1090,318,90
INV00001648,WH004,PROD00488,2026-06-04,2943,114,182
INV00001649,WH004,PROD00327,2025-03-27,2108,210,147
INV00001650,WH004,PROD00153,2025-11-20,2272,86,25
INV00001651,WH004,PROD00054,2025-06-12,4768,320,127
INV00001652,WH004,PROD00203,2026-07-28,3773,175,63
INV00001653,WH004,PROD00460,2025-05-26,2149,238,181
INV00001654,WH004,PROD00226,2025-05-17,3800,271,86
INV00001655,WH004,PROD00293,2026-07-20,2962,415,72
INV00001656,WH004,PROD00373,2025-12-14,3426,22,185
INV00001657,WH004,PROD00482,2025-12-15,2020,232,125
INV00001658,WH004,PROD00178,2025-07-19,1521,384,185
INV00001659,WH004,PROD00070,2026-04-28,2818,492,35
INV00001660,WH004,PROD00189,2026-07-09,2280,359,29
INV00001661,WH004,PROD00375,2025-08-05,1627,382,113
INV00001662,WH004,PROD00133,2025-09-10,645,117,152
INV00001663,WH004,PROD00355,2025-03-04,1269,370,78
INV00001664,WH004,PROD00096,2026-07-15,2478,180,33
INV00001665,WH004,PROD00097,2026-03-30,646,114,24
INV00001666,WH004,PROD00367,2026-07-09,2112,23,33
INV00001667,WH004,PROD00334,2025-12-23,3741,56,154
INV00001668,WH004,PROD00325,2026-01-13,2040,398,40
INV00001669,WH004,PROD00331,2025-06-05,4504,445,141
INV00001670,WH004,PROD00053,2026-03-23,2907,443,175
INV00001671,WH004,PROD00266,2025-03-23,3627,205,151
INV00001672,WH004,PROD00112,2025-03-15,3255,128,128
INV00001673,WH004,PROD00453,2026-02-09,4642,156,19
INV00001674,WH004,PROD00003,2026-06-30,4406,168,52
INV00001675,WH004,PROD00002,2025-02-13,3738,343,150
INV00001676,WH004,PROD00369,2025-03-22,3425,157,121
INV00001677,WH004,PROD00064,2025-02-02,4981,369,146
INV00001678,WH004,PROD00456,2026-07-01,268,351,169
INV00001679,WH004,PROD00001,2025-04-18,310,122,58
INV00001680,WH004,PROD00102,2025-10-23,1624,492,107
INV00001681,WH004,PROD00068,2026-07-01,3998,299,40
INV00001682,WH004,PROD00466,2025-05-01,3943,52,50
INV00001683,WH004,PROD00224,2026-07-21,4086,142,106
INV00001684,WH004,PROD00128,2025-03-25,1760,258,49
INV00001685,WH004,PROD00098,2025-09-25,3157,102,56
INV00001686,WH004,PROD00286,2025-11-02,414,304,162
INV00001687,WH004,PROD00297,2025-08-21,1846,225,176
INV00001688,WH004,PROD00148,2026-08-01,258,359,177
INV00001689,WH004,PROD00303,2026-02-21,3407,330,187
INV00001690,WH004,PROD00235,2025-03-11,4443,17,95
INV00001691,WH004,PROD00254,2026-06-25,3478,429,18
INV00001692,WH004,PROD00279,2025-12-10,4627,159,113
INV00001693,WH004,PROD00005,2026-04-17,3426,55,152
INV00001694,WH004,PROD00314,2025-02-15,3913,32,127
INV00001695,WH004,PROD00049,2026-01-10,3079,269,131
INV00001696,WH004,PROD00477,2025-07-06,2274,226,23
INV00001697,WH004,PROD00321,2025-10-13,755,498,154
INV00001698,WH004,PROD00209,2025-01-27,1854,300,137
INV00001699,WH004,PROD00358,2025-06-13,4609,172,21
INV00001700,WH004,PROD00426,2025-07-22,4376,421,126
INV00001701,WH004,PROD00299,2025-06-04,3613,348,110
INV00001702,WH004,PROD00468,2025-08-01,4445,473,43
INV00001703,WH004,PROD00484,2026-03-25,4167,221,54
INV00001704,WH004,PROD00016,2026-02-01,1887,338,95
INV00001705,WH004,PROD00007,2025-10-18,920,305,140
INV00001706,WH004,PROD00478,2025-09-17,4024,128,103
INV00001707,WH004,PROD00489,2025-02-13,218,50,100
INV00001708,WH004,PROD00479,2026-05-24,2001,363,172
INV00001709,WH004,PROD00267,2026-07-30,4152,380,141
INV00001710,WH004,PROD00438,2026-01-23,0,239,192
INV00001711,WH004,PROD00418,2026-04-08,2271,381,47
INV00001712,WH004,PROD00374,2026-02-23,3885,439,73
INV00001713,WH004,PROD00095,2025-04-25,4281,248,134
INV00001714,WH004,PROD00231,2026-01-18,2025,170,45
INV00001715,WH004,PROD00214,2026-01-09,495,463,169
INV00001716,WH004,PROD00336,2026-07-23,3041,144,176
INV00001717,WH004,PROD00337,2026-06-07,1413,162,176
INV00001718,WH004,PROD00158,2026-01-17,2006,418,110
INV00001719,WH004,PROD00451,2025-10-18,980,33,97
INV00001720,WH004,PROD00323,2025-11-23,752,447,103
INV00001721,WH004,PROD00376,2025-04-11,2947,419,25
INV00001722,WH004,PROD00256,2025-01-07,4879,309,24
INV00001723,WH004,PROD00416,2025-08-23,3252,17,162
INV00001724,WH004,PROD00060,2025-05-20,1629,19,187
INV00001725,WH004,PROD00295,2026-05-19,872,363,73
INV00001726,WH004,PROD00381,2025-03-06,4847,108,175
INV00001727,WH004,PROD00190,2025-01-05,311,412,16
INV00001728,WH004,PROD00227,2025-06-17,4271,355,41
INV00001729,WH004,PROD00405,2025-11-06,163,459,151
INV00001730,WH004,PROD00270,2026-07-09,4287,202,137
INV00001731,WH004,PROD00471,2026-08-06,4920,452,152
INV00001732,WH004,PROD00364,2026-03-18,1067,337,149
INV00001733,WH004,PROD00345,2025-11-23,3902,24,151
INV00001734,WH004,PROD00340,2025-09-18,3092,90,132
INV00001735,WH004,PROD00185,2026-05-03,3588,243,123
INV00001736,WH004,PROD00017,2025-06-01,340,219,38
INV00001737,WH004,PROD00170,2026-02-11,2741,89,130
INV00001738,WH004,PROD00473,2025-06-01,1965,333,174
INV00001739,WH004,PROD00359,2026-07-26,560,342,19
INV00001740,WH004,PROD00090,2026-07-16,2932,356,188
INV00001741,WH004,PROD00222,2026-03-27,3461,17,90
INV00001742,WH004,PROD00472,2025-02-09,235,211,29
INV00001743,WH004,PROD00301,2026-03-14,3508,299,114
INV00001744,WH004,PROD00361,2026-03-20,830,196,21
INV00001745,WH004,PROD00480,2025-09-14,1072,368,193
INV00001746,WH004,PROD00229,2026-04-17,1730,312,147
INV00001747,WH004,PROD00252,2025-02-25,1066,117,67
INV00001748,WH004,PROD00310,2025-06-17,4014,290,97
INV00001749,WH004,PROD00422,2026-04-08,4804,181,135
INV00001750,WH004,PROD00442,2025-04-17,4805,368,172
INV00001751,WH004,PROD00008,2026-07-05,2162,485,155
INV00001752,WH004,PROD00439,2026-07-14,4929,423,53
INV00001753,WH004,PROD00365,2026-01-12,821,190,187
INV00001754,WH004,PROD00163,2025-07-11,3820,352,166
INV00001755,WH004,PROD00335,2026-01-05,1651,217,50
INV00001756,WH004,PROD00353,2026-06-09,2344,375,166
INV00001757,WH004,PROD00072,2026-07-07,1676,330,190
INV00001758,WH004,PROD00113,2026-01-10,4768,430,39
INV00001759,WH004,PROD00237,2026-06-12,4009,73,57
INV00001760,WH004,PROD00246,2026-05-03,3886,286,184
INV00001761,WH004,PROD00100,2025-09-05,1722,51,129
INV00001762,WH004,PROD00145,2026-03-06,2692,313,144
INV00001763,WH004,PROD00156,2026-07-16,3902,191,34
INV00001764,WH004,PROD00039,2025-08-24,3350,169,143
INV00001765,WH004,PROD00271,2025-09-08,3376,241,197
INV00001766,WH004,PROD00172,2025-09-14,2571,325,169
INV00001767,WH004,PROD00073,2025-04-19,1027,67,60
INV00001768,WH004,PROD00196,2025-10-25,2226,425,32
INV00001769,WH004,PROD00409,2025-12-13,2973,252,109
INV00001770,WH004,PROD00469,2025-08-06,3785,267,90
INV00001771,WH004,PROD00063,2025-12-08,3866,404,144
INV00001772,WH004,PROD00092,2026-04-15,3556,447,94
INV00001773,WH004,PROD00146,2025-09-09,4114,89,140
INV00001774,WH004,PROD00219,2026-06-05,1532,472,116
INV00001775,WH004,PROD00352,2025-07-04,2757,162,26
INV00001776,WH004,PROD00269,2025-09-18,3522,38,76
INV00001777,WH004,PROD00082,2026-01-19,2975,388,137
INV00001778,WH004,PROD00274,2025-04-05,2236,10,167
INV00001779,WH004,PROD00212,2026-04-02,2975,133,196
INV00001780,WH004,PROD00117,2026-07-13,4626,147,126
INV00001781,WH004,PROD00458,2025-04-01,4248,102,101
INV00001782,WH004,PROD00087,2025-02-05,3031,424,44
INV00001783,WH004,PROD00495,2026-08-13,4967,203,151
INV00001784,WH004,PROD00045,2026-02-20,847,455,110
INV00001785,WH004,PROD00115,2025-03-13,3505,372,81
INV00001786,WH004,PROD00378,2025-06-14,3639,209,42
INV00001787,WH004,PROD00162,2026-03-27,4537,344,187
INV00001788,WH004,PROD00201,2025-06-22,2452,115,138
INV00001789,WH004,PROD00171,2026-08-06,4439,463,48
INV00001790,WH004,PROD00406,2026-05-21,3507,240,135
INV00001791,WH004,PROD00429,2025-05-23,2171,423,22
INV00001792,WH004,PROD00186,2026-03-07,4750,242,80
INV00001793,WH004,PROD00324,2025-07-02,4134,83,73
INV00001794,WH004,PROD00031,2025-09-06,4926,374,158
INV00001795,WH004,PROD00127,2025-04-12,1832,278,126
INV00001796,WH004,PROD00284,2026-01-13,1381,222,148
INV00001797,WH004,PROD00110,2026-01-06,1083,364,182
INV00001798,WH004,PROD00149,2026-07-18,57,114,154
INV00001799,WH004,PROD00050,2025-06-10,338,36,165
INV00001800,WH004,PROD00281,2026-06-18,88,382,68
INV00001801,WH004,PROD00181,2025-01-14,4691,234,22
INV00001802,WH004,PROD00407,2026-05-16,1999,186,132
INV00001803,WH004,PROD00493,2025-10-12,1168,2,182
INV00001804,WH004,PROD00412,2025-07-27,3833,405,109
INV00001805,WH004,PROD00402,2026-02-24,2418,475,76
INV00001806,WH004,PROD00109,2025-09-02,3796,100,111
INV00001807,WH004,PROD00187,2025-03-06,685,112,17
INV00001808,WH004,PROD00398,2026-02-10,3283,330,52
INV00001809,WH004,PROD00309,2025-07-02,3185,134,131
INV00001810,WH004,PROD00322,2025-08-28,0,43,127
INV00001811,WH004,PROD00211,2025-06-12,3960,69,177
INV00001812,WH004,PROD00135,2025-04-29,356,46,199
INV00001813,WH004,PROD00437,2026-03-24,4137,62,117
INV00001814,WH004,PROD00290,2025-03-15,4142,227,79
INV00001815,WH004,PROD00408,2025-02-21,1109,198,39
INV00001816,WH004,PROD00389,2025-08-16,1489,299,54
INV00001817,WH004,PROD00410,2025-02-04,925,202,77
INV00001818,WH004,PROD00010,2026-03-04,1370,435,181
INV00001819,WH004,PROD00485,2026-01-16,4890,266,108
INV00001820,WH004,PROD00433,2025-04-01,2686,432,183
INV00001821,WH004,PROD00230,2025-02-14,4816,357,22
INV00001822,WH004,PROD00257,2026-02-27,563,489,163
INV00001823,WH004,PROD00242,2026-03-23,4231,120,186
INV00001824,WH004,PROD00126,2025-06-27,960,392,189
INV00001825,WH004,PROD00199,2026-01-17,1607,103,87
INV00001826,WH004,PROD00272,2025-11-18,3824,380,25
INV00001827,WH004,PROD00168,2026-04-26,848,26,16
INV00001828,WH004,PROD00443,2025-12-29,1120,417,115
INV00001829,WH004,PROD00447,2026-04-26,3070,477,132
INV00001830,WH004,PROD00255,2026-04-26,3114,139,163
INV00001831,WH004,PROD00197,2025-01-14,304,202,114
INV00001832,WH004,PROD00395,2025-04-03,1087,341,160
INV00001833,WH004,PROD00124,2025-10-31,221,16,37
INV00001834,WH004,PROD00328,2025-10-30,3388,417,183
INV00001835,WH004,PROD00134,2025-05-13,862,207,96
INV00001836,WH004,PROD00103,2026-05-14,3449,341,12
INV00001837,WH004,PROD00396,2025-07-13,2772,323,189
INV00001838,WH004,PROD00037,2025-11-04,4637,429,162
INV00001839,WH004,PROD00106,2025-06-18,4734,201,43
INV00001840,WH004,PROD00176,2025-10-16,3767,170,14
INV00001841,WH004,PROD00481,2025-06-25,3329,55,58
INV00001842,WH004,PROD00047,2025-09-04,4571,29,117
INV00001843,WH004,PROD00232,2026-05-19,2275,81,61
INV00001844,WH004,PROD00014,2025-12-11,1021,426,37
INV00001845,WH004,PROD00093,2025-09-14,4104,320,177
INV00001846,WH004,PROD00305,2026-03-23,4735,109,183
INV00001847,WH004,PROD00202,2025-02-24,4849,458,96
INV00001848,WH004,PROD00348,2025-12-23,1482,93,149
INV00001849,WH004,PROD00207,2026-03-30,1642,25,78
INV00001850,WH004,PROD00108,2026-03-26,611,466,96
INV00001851,WH004,PROD00362,2026-05-03,4991,353,151
INV00001852,WH004,PROD00346,2025-02-16,1516,498,85
INV00001853,WH004,PROD00313,2026-05-17,3466,58,190
INV00001854,WH004,PROD00216,2026-01-25,266,7,192
INV00001855,WH004,PROD00465,2025-05-19,1263,457,108
INV00001856,WH004,PROD00419,2025-09-30,2502,163,115
INV00001857,WH004,PROD00494,2025-11-16,4706,480,180
INV00001858,WH004,PROD00032,2025-04-13,1889,496,198
INV00001859,WH004,PROD00220,2026-01-11,2764,16,68
INV00001860,WH004,PROD00261,2025-11-09,2667,245,67
INV00001861,WH004,PROD00142,2025-07-16,405,152,199
INV00001862,WH004,PROD00315,2025-09-23,400,14,110
INV00001863,WH004,PROD00213,2025-10-29,3483,439,151
INV00001864,WH004,PROD00357,2025-07-26,100,331,50
INV00001865,WH004,PROD00218,2025-04-08,233,328,139
INV00001866,WH004,PROD00250,2025-12-15,3582,371,174
INV00001867,WH004,PROD00076,2026-02-13,901,210,120
INV00001868,WH004,PROD00013,2025-02-04,4588,295,177
INV00001869,WH004,PROD00061,2025-05-26,2870,107,200
INV00001870,WH004,PROD00122,2025-01-15,1835,110,102
INV00001871,WH004,PROD00304,2025-09-22,242,152,31
INV00001872,WH004,PROD00247,2026-06-17,4714,342,141
INV00001873,WH004,PROD00288,2025-06-30,829,160,85
INV00001874,WH004,PROD00192,2026-03-06,1599,136,44
INV00001875,WH004,PROD00182,2026-07-12,2828,168,108
INV00001876,WH004,PROD00022,2026-01-03,644,228,66
INV00001877,WH004,PROD00046,2025-04-27,2138,71,93
INV00001878,WH004,PROD00379,2025-12-14,1332,40,120
INV00001879,WH004,PROD00441,2025-10-31,1716,356,94
INV00001880,WH004,PROD00160,2025-11-10,4356,184,97
INV00001881,WH004,PROD00240,2025-12-12,4122,186,94
INV00001882,WH004,PROD00341,2025-06-25,1928,146,86
INV00001883,WH004,PROD00464,2025-06-10,1559,306,197
INV00001884,WH004,PROD00067,2025-01-19,3734,120,185
INV00001885,WH004,PROD00248,2025-11-20,4132,115,111
INV00001886,WH004,PROD00009,2025-07-26,3863,314,143
INV00001887,WH004,PROD00123,2026-06-18,2851,291,178
INV00001888,WH004,PROD00316,2025-09-24,2353,335,86
INV00001889,WH004,PROD00183,2026-02-06,2615,353,31
INV00001890,WH004,PROD00462,2026-07-31,4278,334,84
INV00001891,WH004,PROD00055,2026-05-14,4796,123,147
INV00001892,WH004,PROD00329,2025-09-15,4129,481,43
INV00001893,WH004,PROD00210,2026-04-30,982,269,71
INV00001894,WH004,PROD00167,2026-07-12,82,372,141
INV00001895,WH004,PROD00048,2025-08-04,892,109,27
INV00001896,WH004,PROD00260,2025-05-19,54,80,116
INV00001897,WH004,PROD00152,2025-07-15,3168,97,199
INV00001898,WH004,PROD00414,2025-07-30,2202,138,47
INV00001899,WH004,PROD00278,2025-07-20,3204,422,188
INV00001900,WH004,PROD00044,2025-05-31,177,343,183
INV00001901,WH004,PROD00490,2025-06-20,623,211,146
INV00001902,WH004,PROD00287,2026-07-16,3897,165,101
INV00001903,WH004,PROD00058,2025-04-25,1967,413,162
INV00001904,WH004,PROD00042,2026-05-26,4873,352,159
INV00001905,WH004,PROD00404,2026-08-06,1314,92,52
INV00001906,WH004,PROD00116,2025-02-01,925,341,185
INV00001907,WH004,PROD00383,2025-02-21,3062,92,107
INV00001908,WH004,PROD00280,2026-07-20,1842,400,137
INV00001909,WH004,PROD00141,2025-03-05,4717,289,43
INV00001910,WH004,PROD00175,2025-05-22,1688,42,139
INV00001911,WH004,PROD00174,2026-03-26,1404,490,57
INV00001912,WH004,PROD00483,2025-04-25,2694,52,151
INV00001913,WH004,PROD00238,2025-08-18,4083,284,173
INV00001914,WH004,PROD00403,2025-04-27,2075,86,33
INV00001915,WH004,PROD00366,2025-03-19,2316,351,36
INV00001916,WH004,PROD00349,2025-04-16,4984,60,25
INV00001917,WH004,PROD00188,2026-01-23,1925,404,102
INV00001918,WH004,PROD00497,2025-05-23,1359,369,85
INV00001919,WH004,PROD00393,2025-10-17,4402,33,87
INV00001920,WH004,PROD00452,2026-05-21,2014,499,67
INV00001921,WH004,PROD00088,2025-07-17,4097,204,82
INV00001922,WH004,PROD00368,2026-03-19,2141,31,31
INV00001923,WH004,PROD00221,2026-04-26,2814,348,107
INV00001924,WH004,PROD00371,2026-02-09,2927,299,159
INV00001925,WH004,PROD00026,2025-10-19,3898,432,140
INV00001926,WH004,PROD00338,2025-10-22,3523,190,177
INV00001927,WH004,PROD00263,2025-05-04,3501,302,33
INV00001928,WH004,PROD00449,2025-06-09,1024,500,89
INV00001929,WH004,PROD00291,2025-11-04,1975,217,36
INV00001930,WH004,PROD00277,2026-08-06,351,233,100
INV00001931,WH004,PROD00385,2026-03-16,4833,69,130
INV00001932,WH004,PROD00006,2026-05-22,119,475,25
INV00001933,WH004,PROD00283,2025-10-06,3014,22,192
INV00001934,WH004,PROD00180,2025-08-30,804,388,141
INV00001935,WH004,PROD00401,2025-05-23,776,415,185
INV00001936,WH004,PROD00333,2026-06-21,3814,424,119
INV00001937,WH004,PROD00012,2025-01-30,4667,110,72
INV00001938,WH004,PROD00074,2025-12-13,1758,157,28
INV00001939,WH004,PROD00147,2025-02-20,4887,497,175
INV00001940,WH004,PROD00200,2025-08-25,3718,37,30
INV00001941,WH004,PROD00239,2026-07-07,1372,303,45
INV00001942,WH004,PROD00326,2026-05-22,1568,174,52
INV00001943,WH004,PROD00140,2025-06-13,2420,477,64
INV00001944,WH004,PROD00417,2025-12-25,615,293,80
INV00001945,WH004,PROD00448,2025-07-26,301,248,145
INV00001946,WH004,PROD00251,2026-06-29,1156,88,184
INV00001947,WH004,PROD00107,2026-02-27,816,485,103
INV00001948,WH004,PROD00027,2026-04-19,4428,107,147
INV00001949,WH004,PROD00363,2025-02-07,3704,476,72
INV00001950,WH004,PROD00285,2025-07-18,3923,460,98
INV00001951,WH004,PROD00038,2025-09-11,440,20,150
INV00001952,WH004,PROD00205,2025-10-05,4843,411,116
INV00001953,WH004,PROD00043,2026-04-23,2995,408,117
INV00001954,WH004,PROD00020,2025-11-21,3685,249,49
INV00001955,WH004,PROD00421,2025-04-15,188,364,131
INV00001956,WH004,PROD00057,2026-01-14,4947,80,17
INV00001957,WH004,PROD00077,2026-05-27,113,388,157
INV00001958,WH004,PROD00081,2025-10-01,1559,328,113
INV00001959,WH004,PROD00259,2025-05-09,4245,342,119
INV00001960,WH004,PROD00332,2026-05-05,4690,114,197
INV00001961,WH004,PROD00029,2025-05-02,4563,112,151
INV00001962,WH004,PROD00330,2025-08-09,508,90,46
INV00001963,WH004,PROD00059,2026-06-23,790,269,135
INV00001964,WH004,PROD00318,2025-07-08,4183,123,147
INV00001965,WH004,PROD00294,2025-01-30,4581,54,52
INV00001966,WH004,PROD00166,2026-03-02,637,357,105
INV00001967,WH004,PROD00491,2025-05-22,4850,356,24
INV00001968,WH004,PROD00262,2025-01-17,399,394,44
INV00001969,WH004,PROD00004,2026-02-14,1149,429,10
INV00001970,WH004,PROD00085,2026-01-19,2700,393,40
INV00001971,WH004,PROD00450,2025-10-05,2953,32,86
INV00001972,WH004,PROD00264,2025-01-24,7,239,58
INV00001973,WH004,PROD00144,2025-01-14,2354,82,168
INV00001974,WH004,PROD00101,2026-01-19,1255,199,118
INV00001975,WH004,PROD00492,2025-04-22,1455,165,186
INV00001976,WH004,PROD00025,2026-05-30,363,274,77
INV00001977,WH004,PROD00217,2025-07-02,4463,130,166
INV00001978,WH004,PROD00018,2026-04-16,2344,368,42
INV00001979,WH004,PROD00347,2025-01-28,3427,122,145
INV00001980,WH004,PROD00388,2026-02-04,2624,55,17
INV00001981,WH004,PROD00034,2026-01-31,2212,318,28
INV00001982,WH004,PROD00125,2026-01-18,1396,56,80
INV00001983,WH004,PROD00225,2025-04-24,4589,441,194
INV00001984,WH004,PROD00021,2025-07-27,2347,444,115
INV00001985,WH004,PROD00434,2025-01-01,3039,163,162
INV00001986,WH004,PROD00311,2025-12-31,4850,413,128
INV00001987,WH004,PROD00136,2025-07-28,2895,2,89
INV00001988,WH004,PROD00306,2025-07-19,603,425,142
INV00001989,WH004,PROD00476,2026-05-26,2693,403,173
INV00001990,WH004,PROD00065,2025-08-06,3440,127,173
INV00001991,WH004,PROD00354,2025-05-29,4226,427,137
INV00001992,WH004,PROD00276,2026-03-08,2350,66,55
INV00001993,WH004,PROD00062,2026-04-12,4015,293,90
INV00001994,WH004,PROD00194,2025-03-20,1550,294,189
INV00001995,WH004,PROD00351,2026-06-09,1574,409,62
INV00001996,WH004,PROD00300,2025-05-14,3113,166,150
INV00001997,WH004,PROD00343,2025-02-06,3811,268,167
INV00001998,WH004,PROD00302,2025-10-02,697,369,106
INV00001999,WH004,PROD00370,2025-01-17,2543,335,198
INV00002000,WH004,PROD00040,2025-04-19,4911,89,91
INV00002001,WH005,PROD00287,2025-10-06,3387,84,101
INV00002002,WH005,PROD00035,2026-04-12,4119,208,47
INV00002003,WH005,PROD00308,2025-11-11,1684,188,196
INV00002004,WH005,PROD00498,2026-01-23,579,147,20
INV00002005,WH005,PROD00302,2026-04-26,1094,364,106
INV00002006,WH005,PROD00079,2025-11-25,4505,125,114
INV00002007,WH005,PROD00131,2026-01-19,205,287,139
INV00002008,WH005,PROD00321,2025-10-13,3985,276,154
INV00002009,WH005,PROD00248,2026-01-06,1593,255,111
INV00002010,WH005,PROD00444,2025-04-10,881,266,127
INV00002011,WH005,PROD00403,2026-03-16,4329,224,33
INV00002012,WH005,PROD00385,2025-09-19,2041,76,130
INV00002013,WH005,PROD00282,2026-03-24,838,318,149
INV00002014,WH005,PROD00137,2025-10-14,2911,75,22
INV00002015,WH005,PROD00307,2025-06-05,4975,125,48
INV00002016,WH005,PROD00450,2025-04-05,4462,224,86
INV00002017,WH005,PROD00231,2026-07-04,2577,376,45
INV00002018,WH005,PROD00069,2025-08-05,0,243,123
INV00002019,WH005,PROD00173,2025-08-27,1396,164,141
INV00002020,WH005,PROD00299,2025-08-13,3608,457,110
INV00002021,WH005,PROD00425,2026-08-13,1375,50,44
INV00002022,WH005,PROD00443,2026-02-16,3450,335,115
INV00002023,WH005,PROD00099,2025-06-10,1328,273,159
INV00002024,WH005,PROD00417,2025-05-23,1543,308,80
INV00002025,WH005,PROD00280,2026-04-28,3458,474,137
INV00002026,WH005,PROD00471,2026-03-05,2466,236,152
INV00002027,WH005,PROD00083,2025-10-03,2783,65,188
INV00002028,WH005,PROD00354,2026-05-05,4690,247,137
INV00002029,WH005,PROD00091,2025-04-03,3219,396,131
INV00002030,WH005,PROD00041,2026-08-05,683,193,116
INV00002031,WH005,PROD00081,2025-02-22,4581,192,113
INV00002032,WH005,PROD00371,2026-02-15,4608,167,159
INV00002033,WH005,PROD00476,2026-05-25,4643,24,173
INV00002034,WH005,PROD00161,2026-04-11,2830,376,35
INV00002035,WH005,PROD00210,2026-02-02,4805,405,71
INV00002036,WH005,PROD00107,2025-02-24,2249,115,103
INV00002037,WH005,PROD00488,2026-01-01,3056,317,182
INV00002038,WH005,PROD00160,2025-01-04,1189,123,97
INV00002039,WH005,PROD00485,2026-06-11,4844,269,108
INV00002040,WH005,PROD00171,2025-12-03,4022,475,48
INV00002041,WH005,PROD00475,2025-12-28,2174,435,115
INV00002042,WH005,PROD00426,2025-01-22,4274,404,126
INV00002043,WH005,PROD00310,2026-03-11,3338,203,97
INV00002044,WH005,PROD00067,2026-06-26,4520,346,185
INV00002045,WH005,PROD00393,2025-04-27,4331,471,87
INV00002046,WH005,PROD00342,2026-01-29,4413,307,12
INV00002047,WH005,PROD00125,2025-03-24,2485,3,80
INV00002048,WH005,PROD00469,2026-01-09,409,317,90
INV00002049,WH005,PROD00106,2025-08-18,3322,247,43
INV00002050,WH005,PROD00338,2025-01-05,4321,392,177
INV00002051,WH005,PROD00146,2026-05-10,3511,431,140
INV00002052,WH005,PROD00070,2025-08-31,2445,478,35
INV00002053,WH005,PROD00113,2025-09-30,1627,315,39
INV00002054,WH005,PROD00203,2025-10-18,4292,13,63
INV00002055,WH005,PROD00496,2025-06-14,2253,390,172
INV00002056,WH005,PROD00467,2025-07-03,3542,219,107
INV00002057,WH005,PROD00265,2026-08-14,164,293,58
INV00002058,WH005,PROD00348,2026-05-05,2296,266,149
INV00002059,WH005,PROD00122,2025-05-04,106,475,102
INV00002060,WH005,PROD00153,2025-10-26,2185,47,25
INV00002061,WH005,PROD00320,2025-07-19,1486,9,139
INV00002062,WH005,PROD00389,2025-11-23,1393,207,54
INV00002063,WH005,PROD00206,2026-03-25,195,344,98
INV00002064,WH005,PROD00150,2025-07-08,3793,90,80
INV00002065,WH005,PROD00352,2025-04-12,42,50,26
INV00002066,WH005,PROD00011,2025-09-02,4367,60,154
INV00002067,WH005,PROD00377,2026-06-30,3175,38,31
INV00002068,WH005,PROD00037,2025-02-18,4493,418,162
INV00002069,WH005,PROD00495,2025-06-27,2856,246,151
INV00002070,WH005,PROD00008,2025-10-08,38,126,155
INV00002071,WH005,PROD00175,2025-05-30,1217,226,139
INV00002072,WH005,PROD00468,2025-06-02,4113,219,43
INV00002073,WH005,PROD00001,2026-07-24,320,361,58
INV00002074,WH005,PROD00281,2026-06-06,2414,131,68
INV00002075,WH005,PROD00005,2025-03-06,1644,98,152
INV00002076,WH005,PROD00108,2025-04-15,4032,403,96
INV00002077,WH005,PROD00298,2026-01-01,2632,125,111
INV00002078,WH005,PROD00239,2025-03-20,456,236,45
INV00002079,WH005,PROD00028,2025-09-26,4735,270,179
INV00002080,WH005,PROD00039,2026-01-17,114,369,143
INV00002081,WH005,PROD00182,2026-06-10,3491,83,108
INV00002082,WH005,PROD00328,2026-01-15,3912,435,183
INV00002083,WH005,PROD00135,2026-02-20,2217,206,199
INV00002084,WH005,PROD00419,2026-07-13,796,5,115
INV00002085,WH005,PROD00487,2025-03-12,1711,121,150
INV00002086,WH005,PROD00317,2026-03-24,3321,145,46
INV00002087,WH005,PROD00276,2025-02-11,0,29,55
INV00002088,WH005,PROD00064,2026-01-26,4608,153,146
INV00002089,WH005,PROD00366,2026-03-06,968,306,36
INV00002090,WH005,PROD00423,2025-01-13,3933,96,78
INV00002091,WH005,PROD00441,2026-02-05,3266,109,94
INV00002092,WH005,PROD00032,2025-04-23,347,364,198
INV00002093,WH005,PROD00140,2025-12-14,4459,488,64
INV00002094,WH005,PROD00229,2026-06-15,4021,178,147
INV00002095,WH005,PROD00223,2025-06-11,3116,421,130
INV00002096,WH005,PROD00114,2026-03-31,960,419,188
INV00002097,WH005,PROD00023,2025-06-29,3181,128,178
INV00002098,WH005,PROD00262,2025-04-05,4001,197,44
INV00002099,WH005,PROD00181,2025-09-14,446,225,22
INV00002100,WH005,PROD00474,2026-06-04,3949,419,137
INV00002101,WH005,PROD00481,2025-08-06,3754,226,58
INV00002102,WH005,PROD00318,2026-07-12,894,252,147
INV00002103,WH005,PROD00473,2025-10-10,2918,468,174
INV00002104,WH005,PROD00017,2026-06-23,4946,8,38
INV00002105,WH005,PROD00033,2025-03-31,729,410,70
INV00002106,WH005,PROD00274,2026-04-21,776,100,167
INV00002107,WH005,PROD00189,2025-08-24,3024,272,29
INV00002108,WH005,PROD00322,2026-01-21,4351,362,127
INV00002109,WH005,PROD00373,2026-02-11,4362,202,185
INV00002110,WH005,PROD00445,2025-11-10,417,232,90
INV00002111,WH005,PROD00357,2026-03-12,3704,213,50
INV00002112,WH005,PROD00396,2025-12-22,1332,108,189
INV00002113,WH005,PROD00163,2025-05-02,3479,442,166
INV00002114,WH005,PROD00329,2026-05-05,1607,98,43
INV00002115,WH005,PROD00431,2026-04-16,1984,260,43
INV00002116,WH005,PROD00258,2026-01-03,4557,147,86
INV00002117,WH005,PROD00447,2026-03-10,27,28,132
INV00002118,WH005,PROD00401,2025-07-12,194,375,185
INV00002119,WH005,PROD00330,2025-11-14,3660,468,46
INV00002120,WH005,PROD00176,2026-01-18,3273,172,14
INV00002121,WH005,PROD00272,2025-03-13,2381,22,25
INV00002122,WH005,PROD00332,2025-06-25,87,498,197
INV00002123,WH005,PROD00325,2026-05-11,2896,242,40
INV00002124,WH005,PROD00200,2025-05-11,519,176,30
INV00002125,WH005,PROD00437,2026-04-01,3210,69,117
INV00002126,WH005,PROD00455,2025-09-07,472,229,189
INV00002127,WH005,PROD00358,2026-03-14,1470,410,21
INV00002128,WH005,PROD00133,2025-03-27,0,413,152
INV00002129,WH005,PROD00049,2026-03-31,2269,151,131
INV00002130,WH005,PROD00402,2025-08-08,1750,51,76
INV00002131,WH005,PROD00489,2025-08-06,531,136,100
INV00002132,WH005,PROD00002,2026-03-02,1421,192,150
INV00002133,WH005,PROD00472,2025-09-07,977,120,29
INV00002134,WH005,PROD00141,2025-09-13,2409,339,43
INV00002135,WH005,PROD00273,2025-05-19,4083,317,191
INV00002136,WH005,PROD00071,2025-03-13,380,186,50
INV00002137,WH005,PROD00119,2026-05-14,1245,449,47
INV00002138,WH005,PROD00003,2026-07-30,4935,20,52
INV00002139,WH005,PROD00061,2026-04-15,795,365,200
INV00002140,WH005,PROD00044,2025-03-15,2386,371,183
INV00002141,WH005,PROD00244,2025-03-08,3687,197,73
INV00002142,WH005,PROD00088,2025-12-17,4660,381,82
INV00002143,WH005,PROD00284,2026-02-12,1909,235,148
INV00002144,WH005,PROD00376,2025-07-27,2193,74,25
INV00002145,WH005,PROD00271,2026-06-03,823,139,197
INV00002146,WH005,PROD00205,2025-07-08,1417,90,116
INV00002147,WH005,PROD00132,2026-02-18,1526,434,81
INV00002148,WH005,PROD00364,2025-03-19,2251,304,149
INV00002149,WH005,PROD00301,2026-07-28,2571,255,114
INV00002150,WH005,PROD00446,2026-03-15,825,291,50
INV00002151,WH005,PROD00237,2025-06-18,3828,364,57
INV00002152,WH005,PROD00363,2026-05-21,1355,362,72
INV00002153,WH005,PROD00208,2025-02-04,4212,8,117
INV00002154,WH005,PROD00398,2025-10-30,2868,298,52
INV00002155,WH005,PROD00275,2025-09-22,819,205,194
INV00002156,WH005,PROD00266,2026-05-28,2390,160,151
INV00002157,WH005,PROD00045,2025-09-30,1728,59,110
INV00002158,WH005,PROD00494,2025-03-24,2840,275,180
INV00002159,WH005,PROD00232,2026-05-24,2174,209,61
INV00002160,WH005,PROD00162,2025-10-17,2602,195,187
INV00002161,WH005,PROD00295,2025-12-06,3578,64,73
INV00002162,WH005,PROD00072,2025-05-17,4997,1,190
INV00002163,WH005,PROD00350,2025-02-07,3978,389,112
INV00002164,WH005,PROD00043,2025-12-08,3829,312,117
INV00002165,WH005,PROD00305,2026-06-07,0,106,183
INV00002166,WH005,PROD00222,2026-03-31,3455,252,90
INV00002167,WH005,PROD00020,2025-04-05,3405,486,49
INV00002168,WH005,PROD00360,2025-06-08,0,282,29
INV00002169,WH005,PROD00012,2025-11-06,3045,151,72
INV00002170,WH005,PROD00304,2025-10-22,980,112,31
INV00002171,WH005,PROD00394,2025-12-31,1002,105,176
INV00002172,WH005,PROD00120,2025-03-25,3895,22,16
INV00002173,WH005,PROD00054,2026-05-12,2201,183,127
INV00002174,WH005,PROD00414,2025-05-22,3265,147,47
INV00002175,WH005,PROD00428,2026-07-23,3412,208,99
INV00002176,WH005,PROD00180,2026-05-12,2856,234,141
INV00002177,WH005,PROD00246,2025-08-27,4578,172,184
INV00002178,WH005,PROD00497,2025-08-05,4803,301,85
INV00002179,WH005,PROD00065,2025-10-11,3681,473,173
INV00002180,WH005,PROD00413,2025-02-24,425,162,192
INV00002181,WH005,PROD00479,2026-07-03,1969,252,172
INV00002182,WH005,PROD00434,2025-01-19,4075,440,162
INV00002183,WH005,PROD00314,2025-12-02,3604,21,127
INV00002184,WH005,PROD00234,2026-07-05,1783,491,111
INV00002185,WH005,PROD00289,2025-04-29,3711,144,109
INV00002186,WH005,PROD00193,2026-02-24,1497,192,91
INV00002187,WH005,PROD00243,2025-06-04,2346,399,126
INV00002188,WH005,PROD00238,2026-03-09,3884,372,173
INV00002189,WH005,PROD00048,2025-12-28,1049,464,27
INV00002190,WH005,PROD00438,2026-04-22,766,166,192
INV00002191,WH005,PROD00031,2025-08-22,4240,19,158
INV00002192,WH005,PROD00435,2025-10-07,3855,228,80
INV00002193,WH005,PROD00399,2025-07-21,798,473,75
INV00002194,WH005,PROD00218,2025-02-23,626,487,139
INV00002195,WH005,PROD00327,2026-05-10,2799,23,147
INV00002196,WH005,PROD00336,2026-06-18,2827,85,176
INV00002197,WH005,PROD00149,2026-06-25,4793,263,154
INV00002198,WH005,PROD00312,2025-11-05,4105,394,167
INV00002199,WH005,PROD00038,2025-05-06,413,228,150
INV00002200,WH005,PROD00457,2025-03-04,481,105,37
INV00002201,WH005,PROD00347,2025-03-04,306,116,145
INV00002202,WH005,PROD00096,2026-08-08,4863,42,33
INV00002203,WH005,PROD00492,2025-12-01,507,475,186
INV00002204,WH005,PROD00111,2025-09-10,335,481,130
INV00002205,WH005,PROD00060,2025-10-02,4622,149,187
INV00002206,WH005,PROD00251,2025-05-26,2056,52,184
INV00002207,WH005,PROD00006,2025-11-22,4551,36,25
INV00002208,WH005,PROD00100,2025-10-30,1640,40,129
INV00002209,WH005,PROD00440,2025-12-24,2148,465,56
INV00002210,WH005,PROD00097,2025-05-07,592,96,24
INV00002211,WH005,PROD00400,2025-01-13,1186,62,136
INV00002212,WH005,PROD00145,2025-11-20,1222,490,144
INV00002213,WH005,PROD00326,2025-09-25,1770,248,52
INV00002214,WH005,PROD00216,2025-02-14,1538,438,192
INV00002215,WH005,PROD00433,2025-05-19,3869,199,183
INV00002216,WH005,PROD00191,2026-05-30,2483,442,190
INV00002217,WH005,PROD00344,2025-02-05,2017,314,108
INV00002218,WH005,PROD00179,2025-08-31,2554,287,19
INV00002219,WH005,PROD00353,2025-02-03,963,136,166
INV00002220,WH005,PROD00036,2025-11-20,3405,382,22
INV00002221,WH005,PROD00118,2026-03-04,3145,161,42
INV00002222,WH005,PROD00254,2026-06-24,979,299,18
INV00002223,WH005,PROD00429,2025-05-26,3996,178,22
INV00002224,WH005,PROD00294,2025-05-05,4402,350,52
INV00002225,WH005,PROD00316,2026-03-08,4217,17,86
INV00002226,WH005,PROD00500,2026-05-10,2097,432,167
INV00002227,WH005,PROD00042,2025-11-16,3102,373,159
INV00002228,WH005,PROD00379,2026-06-03,1299,409,120
INV00002229,WH005,PROD00082,2026-03-13,2148,463,137
INV00002230,WH005,PROD00279,2026-07-25,609,458,113
INV00002231,WH005,PROD00148,2026-02-26,4307,26,177
INV00002232,WH005,PROD00288,2025-05-12,3997,273,85
INV00002233,WH005,PROD00158,2025-03-16,159,373,110
INV00002234,WH005,PROD00452,2025-08-03,4317,175,67
INV00002235,WH005,PROD00196,2026-06-03,2134,266,32
INV00002236,WH005,PROD00260,2026-01-27,4797,66,116
INV00002237,WH005,PROD00230,2025-03-02,1379,307,22
INV00002238,WH005,PROD00432,2025-04-30,4762,99,191
INV00002239,WH005,PROD00144,2025-10-12,2119,100,168
INV00002240,WH005,PROD00412,2026-06-22,4219,276,109
INV00002241,WH005,PROD00051,2025-02-28,1376,262,106
INV00002242,WH005,PROD00365,2025-04-04,4643,399,187
INV00002243,WH005,PROD00319,2025-05-31,1597,324,168
INV00002244,WH005,PROD00356,2025-07-29,1809,126,157
INV00002245,WH005,PROD00169,2025-08-17,2532,396,17
INV00002246,WH005,PROD00117,2025-09-21,3172,201,126
INV00002247,WH005,PROD00034,2025-11-19,3569,396,28
INV00002248,WH005,PROD00154,2025-05-17,525,125,73
INV00002249,WH005,PROD00165,2026-05-07,3010,483,117
INV00002250,WH005,PROD00453,2025-05-05,4542,325,19
INV00002251,WH005,PROD00390,2025-10-26,4358,131,10
INV00002252,WH005,PROD00418,2026-05-24,2163,497,47
INV00002253,WH005,PROD00063,2025-10-04,1922,138,144
INV00002254,WH005,PROD00098,2026-07-27,1214,36,56
INV00002255,WH005,PROD00283,2026-07-07,4844,119,192
INV00002256,WH005,PROD00170,2026-04-11,3702,374,130
INV00002257,WH005,PROD00115,2025-02-03,2300,316,81
INV00002258,WH005,PROD00382,2026-05-13,4508,93,45
INV00002259,WH005,PROD00421,2026-05-25,1704,362,131
INV00002260,WH005,PROD00076,2026-05-05,1027,39,120
INV00002261,WH005,PROD00207,2025-12-23,4965,291,78
INV00002262,WH005,PROD00345,2025-12-31,1802,36,151
INV00002263,WH005,PROD00259,2026-01-17,3447,396,119
INV00002264,WH005,PROD00315,2025-07-23,3602,457,110
INV00002265,WH005,PROD00022,2025-08-24,1757,130,66
INV00002266,WH005,PROD00257,2026-08-08,3805,37,163
INV00002267,WH005,PROD00335,2025-08-20,3004,444,50
INV00002268,WH005,PROD00074,2025-03-29,1333,190,28
INV00002269,WH005,PROD00349,2025-11-06,3818,199,25
INV00002270,WH005,PROD00102,2026-02-12,2422,328,107
INV00002271,WH005,PROD00359,2025-08-24,3459,462,19
INV00002272,WH005,PROD00184,2025-06-08,4142,124,36
INV00002273,WH005,PROD00073,2025-11-04,1743,173,60
INV00002274,WH005,PROD00409,2026-01-06,3436,270,109
INV00002275,WH005,PROD00493,2025-10-01,3890,344,182
INV00002276,WH005,PROD00059,2026-05-25,3777,72,135
INV00002277,WH005,PROD00261,2026-05-15,660,335,67
INV00002278,WH005,PROD00408,2026-01-05,2291,192,39
INV00002279,WH005,PROD00309,2025-12-28,4412,213,131
INV00002280,WH005,PROD00247,2025-09-13,3606,226,141
INV00002281,WH005,PROD00186,2025-01-23,1811,106,80
INV00002282,WH005,PROD00080,2025-04-21,4118,290,179
INV00002283,WH005,PROD00068,2026-08-01,4541,253,40
INV00002284,WH005,PROD00464,2026-06-28,1350,179,197
INV00002285,WH005,PROD00256,2025-05-10,3608,304,24
INV00002286,WH005,PROD00124,2025-03-05,2546,228,37
INV00002287,WH005,PROD00221,2025-07-19,4751,54,107
INV00002288,WH005,PROD00362,2025-08-22,3772,286,151
INV00002289,WH005,PROD00090,2025-10-07,160,62,188
INV00002290,WH005,PROD00483,2025-09-24,3447,227,151
INV00002291,WH005,PROD00007,2025-02-22,1024,204,140
INV00002292,WH005,PROD00361,2025-06-06,545,325,21
INV00002293,WH005,PROD00337,2025-10-09,1151,486,176
INV00002294,WH005,PROD00410,2025-01-15,2732,260,77
INV00002295,WH005,PROD00224,2026-06-14,4641,487,106
INV00002296,WH005,PROD00057,2025-10-03,4275,180,17
INV00002297,WH005,PROD00368,2025-12-31,628,235,31
INV00002298,WH005,PROD00052,2025-12-21,3695,404,87
INV00002299,WH005,PROD00300,2025-07-29,4343,328,150
INV00002300,WH005,PROD00199,2026-02-21,2747,449,87
INV00002301,WH005,PROD00085,2025-05-13,4221,336,40
INV00002302,WH005,PROD00466,2026-06-05,3576,265,50
INV00002303,WH005,PROD00178,2025-06-07,3287,482,185
INV00002304,WH005,PROD00454,2026-06-05,3303,240,177
INV00002305,WH005,PROD00213,2026-03-13,2552,11,151
INV00002306,WH005,PROD00029,2025-10-05,2961,54,151
INV00002307,WH005,PROD00346,2025-02-02,1825,151,85
INV00002308,WH005,PROD00486,2025-11-11,4235,284,44
INV00002309,WH005,PROD00270,2026-06-26,2934,206,137
INV00002310,WH005,PROD00249,2025-11-07,2588,32,148
INV00002311,WH005,PROD00323,2026-06-21,169,228,103
INV00002312,WH005,PROD00303,2025-08-26,3416,63,187
INV00002313,WH005,PROD00252,2026-02-09,3013,37,67
INV00002314,WH005,PROD00194,2025-03-24,2309,243,189
INV00002315,WH005,PROD00285,2026-02-19,4366,17,98
INV00002316,WH005,PROD00013,2025-04-15,3572,490,177
INV00002317,WH005,PROD00383,2026-04-21,1613,217,107
INV00002318,WH005,PROD00465,2025-02-08,3164,423,108
INV00002319,WH005,PROD00430,2025-05-10,375,57,176
INV00002320,WH005,PROD00219,2026-07-24,3260,70,116
INV00002321,WH005,PROD00491,2025-01-28,3952,478,24
INV00002322,WH005,PROD00451,2026-04-14,652,223,97
INV00002323,WH005,PROD00406,2026-02-17,1962,169,135
INV00002324,WH005,PROD00136,2025-03-28,732,478,89
INV00002325,WH005,PROD00290,2026-07-16,2138,275,79
INV00002326,WH005,PROD00242,2025-05-09,4601,71,186
INV00002327,WH005,PROD00255,2026-06-14,1494,145,163
INV00002328,WH005,PROD00482,2025-11-16,1186,409,125
INV00002329,WH005,PROD00143,2026-04-02,2468,123,156
INV00002330,WH005,PROD00095,2026-05-23,3432,241,134
INV00002331,WH005,PROD00130,2025-01-04,4197,36,115
INV00002332,WH005,PROD00397,2025-11-14,4094,92,154
INV00002333,WH005,PROD00197,2025-03-25,125,345,114
INV00002334,WH005,PROD00420,2025-08-13,4525,237,46
INV00002335,WH005,PROD00021,2025-12-08,2171,52,115
INV00002336,WH005,PROD00477,2025-08-30,4330,168,23
INV00002337,WH005,PROD00053,2025-08-23,495,322,175
INV00002338,WH005,PROD00392,2025-01-09,3905,452,144
INV00002339,WH005,PROD00395,2026-05-31,970,122,160
INV00002340,WH005,PROD00427,2026-04-26,603,430,41
INV00002341,WH005,PROD00296,2026-06-05,380,18,111
INV00002342,WH005,PROD00105,2025-04-07,2853,438,184
INV00002343,WH005,PROD00084,2026-01-27,326,366,89
INV00002344,WH005,PROD00278,2025-09-26,3095,490,188
INV00002345,WH005,PROD00381,2026-07-22,2723,174,175
INV00002346,WH005,PROD00227,2025-01-28,2781,191,41
INV00002347,WH005,PROD00190,2025-05-10,1116,326,16
INV00002348,WH005,PROD00478,2025-04-03,2864,466,103
INV00002349,WH005,PROD00459,2025-01-01,1226,262,133
INV00002350,WH005,PROD00126,2025-12-11,371,291,189
INV00002351,WH005,PROD00058,2025-04-11,4380,154,162
INV00002352,WH005,PROD00016,2025-08-25,2244,189,95
INV00002353,WH005,PROD00374,2026-07-26,1509,267,73
INV00002354,WH005,PROD00225,2025-01-09,2343,472,194
INV00002355,WH005,PROD00490,2025-06-19,2700,321,146
INV00002356,WH005,PROD00245,2026-02-17,4714,317,150
INV00002357,WH005,PROD00378,2025-11-15,3645,200,42
INV00002358,WH005,PROD00128,2025-10-11,1550,476,49
INV00002359,WH005,PROD00372,2026-03-09,3037,401,101
INV00002360,WH005,PROD00209,2026-05-08,4775,80,137
INV00002361,WH005,PROD00388,2025-10-06,1720,185,17
INV00002362,WH005,PROD00086,2025-12-17,75,114,72
INV00002363,WH005,PROD00387,2026-06-06,4908,174,54
INV00002364,WH005,PROD00333,2025-12-21,2016,279,119
INV00002365,WH005,PROD00187,2025-04-11,2116,365,17
INV00002366,WH005,PROD00220,2025-05-15,2211,50,68
INV00002367,WH005,PROD00313,2025-09-23,1949,436,190
INV00002368,WH005,PROD00014,2026-03-28,3458,98,37
INV00002369,WH005,PROD00123,2025-08-12,4143,311,178
INV00002370,WH005,PROD00217,2025-01-02,4759,466,166
INV00002371,WH005,PROD00138,2026-03-10,2385,136,65
INV00002372,WH005,PROD00463,2025-02-21,1099,384,12
INV00002373,WH005,PROD00375,2025-03-18,2122,484,113
INV00002374,WH005,PROD00087,2025-04-22,1603,21,44
INV00002375,WH005,PROD00075,2026-02-05,3746,9,129
INV00002376,WH005,PROD00263,2025-06-19,3553,278,33
INV00002377,WH005,PROD00286,2025-01-17,1825,439,162
INV00002378,WH005,PROD00268,2026-03-08,1726,443,62
INV00002379,WH005,PROD00062,2026-05-21,4014,276,90
INV00002380,WH005,PROD00198,2026-07-28,2068,459,42
INV00002381,WH005,PROD00055,2025-04-03,3397,455,147
INV00002382,WH005,PROD00233,2025-05-27,1200,57,69
INV00002383,WH005,PROD00456,2025-06-16,374,74,169
INV00002384,WH005,PROD00112,2026-07-27,760,218,128
INV00002385,WH005,PROD00166,2025-09-02,3845,245,105
INV00002386,WH005,PROD00092,2025-01-11,1014,213,94
INV00002387,WH005,PROD00226,2025-09-17,4159,34,86
INV00002388,WH005,PROD00195,2026-03-25,3319,18,136
INV00002389,WH005,PROD00228,2026-04-07,1806,259,192
INV00002390,WH005,PROD00341,2026-03-12,539,180,86
INV00002391,WH005,PROD00442,2025-04-17,190,228,172
INV00002392,WH005,PROD00172,2026-07-18,2234,441,169
INV00002393,WH005,PROD00236,2025-05-09,81,442,129
INV00002394,WH005,PROD00324,2025-07-05,2407,75,73
INV00002395,WH005,PROD00311,2025-05-25,1826,72,128
INV00002396,WH005,PROD00164,2026-03-15,2329,134,59
INV00002397,WH005,PROD00404,2026-05-02,4179,334,52
INV00002398,WH005,PROD00380,2025-05-17,4088,248,57
INV00002399,WH005,PROD00291,2025-08-28,3810,436,36
INV00002400,WH005,PROD00009,2025-03-30,2166,268,143
INV00002401,WH005,PROD00405,2026-08-05,1445,46,151
INV00002402,WH005,PROD00351,2025-05-28,2317,369,62
INV00002403,WH005,PROD00240,2026-03-07,0,381,94
INV00002404,WH005,PROD00250,2026-07-10,1433,458,174
INV00002405,WH005,PROD00411,2025-08-12,2397,3,181
INV00002406,WH005,PROD00484,2026-06-29,3315,351,54
INV00002407,WH005,PROD00183,2025-07-21,4267,416,31
INV00002408,WH005,PROD00204,2026-02-03,511,381,87
INV00002409,WH005,PROD00147,2025-11-11,4442,48,175
INV00002410,WH005,PROD00121,2025-06-13,540,32,77
INV00002411,WH005,PROD00367,2025-08-13,617,212,33
INV00002412,WH005,PROD00369,2025-11-27,1242,56,121
INV00002413,WH005,PROD00297,2025-01-31,2983,365,176
INV00002414,WH005,PROD00264,2025-08-28,595,38,58
INV00002415,WH005,PROD00019,2026-01-01,4715,287,63
INV00002416,WH005,PROD00010,2025-10-27,3215,398,181
INV00002417,WH005,PROD00211,2025-03-25,3382,481,177
INV00002418,WH005,PROD00384,2025-05-06,678,239,109
INV00002419,WH005,PROD00277,2025-08-21,3608,153,100
INV00002420,WH005,PROD00391,2026-02-05,2536,435,92
INV00002421,WH005,PROD00046,2025-11-15,3677,119,93
INV00002422,WH005,PROD00334,2025-03-22,156,205,154
INV00002423,WH005,PROD00040,2025-06-19,4126,278,91
INV00002424,WH005,PROD00089,2025-09-23,4597,275,133
INV00002425,WH005,PROD00448,2026-05-07,1745,289,145
INV00002426,WH005,PROD00386,2025-12-23,161,109,146
INV00002427,WH005,PROD00331,2025-11-16,663,103,141
INV00002428,WH005,PROD00415,2026-05-25,3446,179,42
INV00002429,WH005,PROD00157,2025-07-16,1122,63,95
INV00002430,WH005,PROD00151,2026-05-16,935,108,83
INV00002431,WH005,PROD00167,2025-10-29,3893,419,141
INV00002432,WH005,PROD00269,2025-05-04,213,202,76
INV00002433,WH005,PROD00103,2025-06-12,446,463,12
INV00002434,WH005,PROD00093,2025-06-08,612,495,177
INV00002435,WH005,PROD00235,2025-09-26,249,288,95
INV00002436,WH005,PROD00355,2025-09-29,1728,27,78
INV00002437,WH005,PROD00201,2025-05-06,485,244,138
INV00002438,WH005,PROD00202,2025-06-06,3055,199,96
INV00002439,WH005,PROD00168,2025-12-05,2595,364,16
INV00002440,WH005,PROD00018,2025-09-16,3460,110,42
INV00002441,WH005,PROD00101,2025-04-29,2523,171,118
INV00002442,WH005,PROD00047,2026-05-08,3342,334,117
INV00002443,WH005,PROD00422,2025-01-22,1487,428,135
INV00002444,WH005,PROD00499,2026-03-09,2919,42,129
INV00002445,WH005,PROD00129,2026-06-11,1941,402,105
INV00002446,WH005,PROD00177,2025-10-12,3769,351,198
INV00002447,WH005,PROD00458,2025-05-11,2987,120,101
INV00002448,WH005,PROD00056,2025-10-28,2860,5,32
INV00002449,WH005,PROD00449,2025-02-01,529,310,89
INV00002450,WH005,PROD00407,2025-07-05,2477,423,132
INV00002451,WH005,PROD00109,2025-03-05,1639,368,111
INV00002452,WH005,PROD00077,2026-04-25,4108,196,157
INV00002453,WH005,PROD00026,2025-04-02,2867,399,140
INV00002454,WH005,PROD00416,2025-02-13,3373,479,162
INV00002455,WH005,PROD00078,2025-10-03,2705,202,123
INV00002456,WH005,PROD00436,2025-10-27,174,285,163
INV00002457,WH005,PROD00460,2026-08-04,998,166,181
INV00002458,WH005,PROD00306,2025-02-24,4333,340,142
INV00002459,WH005,PROD00155,2026-01-18,2072,117,109
INV00002460,WH005,PROD00139,2025-07-07,1676,287,180
INV00002461,WH005,PROD00470,2025-07-14,885,471,142
INV00002462,WH005,PROD00156,2025-04-06,732,425,34
INV00002463,WH005,PROD00343,2025-11-12,1710,35,167
INV00002464,WH005,PROD00152,2025-01-06,949,297,199
INV00002465,WH005,PROD00004,2025-05-04,4134,466,10
INV00002466,WH005,PROD00110,2026-04-26,1763,404,182
INV00002467,WH005,PROD00127,2026-03-20,2313,4,126
INV00002468,WH005,PROD00480,2025-06-07,4810,12,193
INV00002469,WH005,PROD00439,2025-02-14,1650,471,53
INV00002470,WH005,PROD00050,2025-03-17,657,460,165
INV00002471,WH005,PROD00192,2026-01-30,3871,383,44
INV00002472,WH005,PROD00116,2026-07-06,2942,247,185
INV00002473,WH005,PROD00104,2025-11-12,870,159,165
INV00002474,WH005,PROD00253,2026-05-04,3754,211,68
INV00002475,WH005,PROD00024,2025-09-17,3798,355,174
INV00002476,WH005,PROD00066,2025-06-09,2358,227,23
INV00002477,WH005,PROD00339,2026-01-03,1934,302,184
INV00002478,WH005,PROD00185,2026-08-02,935,469,123
INV00002479,WH005,PROD00214,2025-11-07,4942,288,169
INV00002480,WH005,PROD00188,2026-06-16,858,344,102
INV00002481,WH005,PROD00370,2025-06-03,1382,232,198
INV00002482,WH005,PROD00461,2026-07-28,2065,252,75
INV00002483,WH005,PROD00462,2025-03-07,2941,392,84
INV00002484,WH005,PROD00027,2025-11-04,4234,324,147
INV00002485,WH005,PROD00134,2026-02-25,2350,309,96
INV00002486,WH005,PROD00159,2026-06-24,524,10,181
INV00002487,WH005,PROD00142,2025-02-28,373,198,199
INV00002488,WH005,PROD00215,2026-03-21,1135,148,103
INV00002489,WH005,PROD00424,2025-12-25,4808,413,142
INV00002490,WH005,PROD00212,2025-01-04,729,79,196
INV00002491,WH005,PROD00241,2026-01-27,4088,28,180
INV00002492,WH005,PROD00292,2026-04-17,1794,386,13
INV00002493,WH005,PROD00015,2025-01-13,3779,491,77
INV00002494,WH005,PROD00030,2026-03-29,2000,311,167
INV00002495,WH005,PROD00025,2025-04-19,3405,492,77
INV00002496,WH005,PROD00094,2025-12-04,3763,155,176
INV00002497,WH005,PROD00293,2025-05-20,426,271,72
INV00002498,WH005,PROD00267,2025-01-05,2902,200,141
INV00002499,WH005,PROD00340,2026-01-10,2230,467,132
INV00002500,WH005,PROD00174,2025-08-27,3577,119,57
INV00002501,WH006,PROD00103,2025-05-08,2347,368,12
INV00002502,WH006,PROD00154,2026-02-01,1312,282,73
INV00002503,WH006,PROD00244,2025-08-11,2643,174,73
INV00002504,WH006,PROD00082,2025-08-21,4483,492,137
INV00002505,WH006,PROD00163,2025-12-01,1794,432,166
INV00002506,WH006,PROD00138,2025-10-25,1491,48,65
INV00002507,WH006,PROD00298,2026-05-07,3651,104,111
INV00002508,WH006,PROD00166,2025-12-19,2879,300,105
INV00002509,WH006,PROD00279,2026-02-06,1091,453,113
INV00002510,WH006,PROD00051,2025-06-05,3045,175,106
INV00002511,WH006,PROD00331,2025-01-01,4720,173,141
INV00002512,WH006,PROD00168,2026-05-08,4864,500,16
INV00002513,WH006,PROD00116,2026-03-14,653,109,185
INV00002514,WH006,PROD00140,2025-11-07,2092,11,64
INV00002515,WH006,PROD00418,2026-06-13,1361,85,47
INV00002516,WH006,PROD00224,2025-07-24,4901,121,106
INV00002517,WH006,PROD00056,2026-03-14,2207,361,32
INV00002518,WH006,PROD00289,2026-06-03,1655,441,109
INV00002519,WH006,PROD00145,2026-01-01,151,155,144
INV00002520,WH006,PROD00052,2025-01-20,4321,409,87
INV00002521,WH006,PROD00356,2025-11-19,3595,294,157
INV00002522,WH006,PROD00196,2026-04-26,1417,224,32
INV00002523,WH006,PROD00277,2025-01-21,1388,1,100
INV00002524,WH006,PROD00130,2025-02-01,3679,25,115
INV00002525,WH006,PROD00070,2026-05-25,920,114,35
INV00002526,WH006,PROD00038,2025-09-20,1859,444,150
INV00002527,WH006,PROD00283,2026-02-20,1703,194,192
INV00002528,WH006,PROD00098,2025-05-12,1863,40,56
INV00002529,WH006,PROD00258,2026-01-13,1452,386,86
INV00002530,WH006,PROD00431,2025-03-02,990,204,43
INV00002531,WH006,PROD00316,2026-01-05,4434,357,86
INV00002532,WH006,PROD00171,2025-06-03,327,6,48
INV00002533,WH006,PROD00083,2025-10-21,1915,182,188
INV00002534,WH006,PROD00349,2026-07-05,2979,241,25
INV00002535,WH006,PROD00065,2026-02-03,908,225,173
INV00002536,WH006,PROD00483,2026-05-16,3371,337,151
INV00002537,WH006,PROD00285,2026-07-04,1560,470,98
INV00002538,WH006,PROD00084,2025-05-09,3158,112,89
INV00002539,WH006,PROD00057,2025-02-14,2904,168,17
INV00002540,WH006,PROD00493,2025-07-05,2577,231,182
INV00002541,WH006,PROD00309,2025-04-11,2450,151,131
INV00002542,WH006,PROD00496,2026-01-05,3462,252,172
INV00002543,WH006,PROD00478,2025-10-26,2785,215,103
INV00002544,WH006,PROD00226,2026-04-15,3965,261,86
INV00002545,WH006,PROD00142,2026-04-23,694,203,199
INV00002546,WH006,PROD00471,2025-11-10,4034,201,152
INV00002547,WH006,PROD00009,2025-01-05,1285,173,143
INV00002548,WH006,PROD00159,2026-08-09,4856,56,181
INV00002549,WH006,PROD00162,2025-05-24,532,96,187
INV00002550,WH006,PROD00014,2025-09-10,719,443,37
INV00002551,WH006,PROD00161,2026-08-04,126,223,35
INV00002552,WH006,PROD00274,2025-06-14,3797,230,167
INV00002553,WH006,PROD00007,2025-01-26,4675,366,140
INV00002554,WH006,PROD00120,2026-07-24,4784,406,16
INV00002555,WH006,PROD00295,2025-10-08,2528,35,73
INV00002556,WH006,PROD00144,2026-03-01,3867,479,168
INV00002557,WH006,PROD00401,2025-10-11,1505,6,185
INV00002558,WH006,PROD00422,2025-08-20,4656,256,135
INV00002559,WH006,PROD00212,2025-08-06,2222,337,196
INV00002560,WH006,PROD00385,2025-02-19,4205,164,130
INV00002561,WH006,PROD00209,2025-11-14,1161,201,137
INV00002562,WH006,PROD00486,2026-05-21,3215,198,44
INV00002563,WH006,PROD00134,2025-06-30,3947,461,96
INV00002564,WH006,PROD00170,2026-05-20,4782,247,130
INV00002565,WH006,PROD00469,2026-03-13,133,9,90
INV00002566,WH006,PROD00391,2025-02-02,2508,273,92
INV00002567,WH006,PROD00423,2026-07-09,2056,170,78
INV00002568,WH006,PROD00255,2025-10-01,2294,229,163
INV00002569,WH006,PROD00137,2025-12-02,1656,236,22
INV00002570,WH006,PROD00291,2026-03-29,393,1,36
INV00002571,WH006,PROD00167,2025-10-23,512,318,141
INV00002572,WH006,PROD00278,2025-03-26,2582,5,188
INV00002573,WH006,PROD00322,2026-01-23,656,408,127
INV00002574,WH006,PROD00002,2026-07-27,1734,338,150
INV00002575,WH006,PROD00392,2025-02-07,2186,344,144
INV00002576,WH006,PROD00351,2025-07-28,670,211,62
INV00002577,WH006,PROD00355,2025-02-13,2189,79,78
INV00002578,WH006,PROD00105,2026-04-04,1251,379,184
INV00002579,WH006,PROD00271,2025-09-13,2936,153,197
INV00002580,WH006,PROD00053,2025-10-22,2351,457,175
INV00002581,WH006,PROD00242,2026-06-28,3243,183,186
INV00002582,WH006,PROD00328,2026-04-04,3302,274,183
INV00002583,WH006,PROD00408,2025-02-16,3132,181,39
INV00002584,WH006,PROD00311,2025-06-15,4936,418,128
INV00002585,WH006,PROD00304,2025-08-20,2646,127,31
INV00002586,WH006,PROD00227,2025-04-07,3677,254,41
INV00002587,WH006,PROD00193,2025-02-25,3239,344,91
INV00002588,WH006,PROD00106,2025-07-01,3045,481,43
INV00002589,WH006,PROD00005,2025-10-21,4400,462,152
INV00002590,WH006,PROD00187,2025-10-22,2881,63,17
INV00002591,WH006,PROD00026,2025-10-13,2210,102,140
INV00002592,WH006,PROD00156,2025-12-02,80,167,34
INV00002593,WH006,PROD00045,2025-10-22,712,87,110
INV00002594,WH006,PROD00128,2026-01-24,159,104,49
INV00002595,WH006,PROD00376,2026-03-03,3861,500,25
INV00002596,WH006,PROD00047,2025-06-18,3062,42,117
INV00002597,WH006,PROD00141,2026-06-05,4741,464,43
INV00002598,WH006,PROD00068,2025-05-02,1056,429,40
INV00002599,WH006,PROD00456,2025-11-03,2070,494,169
INV00002600,WH006,PROD00205,2026-03-28,133,330,116
INV00002601,WH006,PROD00085,2025-07-08,490,188,40
INV00002602,WH006,PROD00300,2025-06-17,3453,339,150
INV00002603,WH006,PROD00306,2026-06-21,592,83,142
INV00002604,WH006,PROD00260,2025-01-07,2626,77,116
INV00002605,WH006,PROD00358,2025-05-20,2238,48,21
INV00002606,WH006,PROD00464,2025-07-29,4768,253,197
INV00002607,WH006,PROD00352,2026-05-20,2031,388,26
INV00002608,WH006,PROD00451,2025-05-26,2946,381,97
INV00002609,WH006,PROD00368,2026-08-11,1075,248,31
INV00002610,WH006,PROD00410,2026-06-20,2488,159,77
INV00002611,WH006,PROD00438,2025-01-27,4125,121,192
INV00002612,WH006,PROD00245,2025-02-23,54,278,150
INV00002613,WH006,PROD00472,2025-01-04,32,386,29
INV00002614,WH006,PROD00301,2025-06-16,4875,153,114
INV00002615,WH006,PROD00344,2025-07-08,1373,242,108
INV00002616,WH006,PROD00240,2025-12-11,3248,273,94
INV00002617,WH006,PROD00149,2025-12-28,2718,365,154
INV00002618,WH006,PROD00465,2026-01-02,2123,426,108
INV00002619,WH006,PROD00220,2025-05-11,836,424,68
INV00002620,WH006,PROD00433,2025-03-17,3859,121,183
INV00002621,WH006,PROD00379,2025-09-23,1292,269,120
INV00002622,WH006,PROD00230,2025-12-10,2522,350,22
INV00002623,WH006,PROD00375,2026-07-24,3137,219,113
INV00002624,WH006,PROD00055,2026-04-25,2091,402,147
INV00002625,WH006,PROD00290,2025-02-16,1141,35,79
INV00002626,WH006,PROD00189,2025-12-16,509,361,29
INV00002627,WH006,PROD00470,2025-09-20,230,294,142
INV00002628,WH006,PROD00033,2025-05-30,2266,133,70
INV00002629,WH006,PROD00234,2025-10-29,553,42,111
INV00002630,WH006,PROD00251,2026-04-25,1269,22,184
INV00002631,WH006,PROD00383,2025-01-18,2663,175,107
INV00002632,WH006,PROD00126,2026-04-16,4766,371,189
INV00002633,WH006,PROD00195,2025-08-15,452,47,136
INV00002634,WH006,PROD00217,2025-02-11,1222,276,166
INV00002635,WH006,PROD00109,2025-05-06,846,328,111
INV00002636,WH006,PROD00327,2025-04-06,2577,338,147
INV00002637,WH006,PROD00225,2026-08-06,4484,132,194
INV00002638,WH006,PROD00139,2025-02-20,1831,27,180
INV00002639,WH006,PROD00036,2025-07-11,1946,0,22
INV00002640,WH006,PROD00030,2026-06-14,1013,210,167
INV00002641,WH006,PROD00442,2025-10-15,2738,442,172
INV00002642,WH006,PROD00200,2025-10-31,104,324,30
INV00002643,WH006,PROD00164,2026-05-23,2204,7,59
INV00002644,WH006,PROD00246,2025-11-25,2183,66,184
INV00002645,WH006,PROD00282,2025-06-01,4070,116,149
INV00002646,WH006,PROD00479,2025-05-07,710,307,172
INV00002647,WH006,PROD00232,2025-10-26,4217,417,61
INV00002648,WH006,PROD00101,2025-07-27,2563,333,118
INV00002649,WH006,PROD00111,2026-05-24,651,55,130
INV00002650,WH006,PROD00361,2025-02-22,447,182,21
INV00002651,WH006,PROD00405,2026-08-03,462,342,151
INV00002652,WH006,PROD00427,2026-07-08,4995,302,41
INV00002653,WH006,PROD00439,2026-02-20,2868,225,53
INV00002654,WH006,PROD00022,2026-04-09,0,252,66
INV00002655,WH006,PROD00174,2025-09-07,4968,252,57
INV00002656,WH006,PROD00307,2026-04-20,3332,4,48
INV00002657,WH006,PROD00499,2025-03-29,2847,366,129
INV00002658,WH006,PROD00006,2025-08-06,25,284,25
INV00002659,WH006,PROD00099,2025-05-12,280,13,159
INV00002660,WH006,PROD00497,2026-01-19,4571,200,85
INV00002661,WH006,PROD00337,2025-06-19,2480,310,176
INV00002662,WH006,PROD00191,2025-10-27,320,441,190
INV00002663,WH006,PROD00235,2025-12-05,4220,214,95
INV00002664,WH006,PROD00092,2026-01-27,4575,207,94
INV00002665,WH006,PROD00208,2025-11-30,2812,431,117
INV00002666,WH006,PROD00354,2025-01-14,2362,491,137
INV00002667,WH006,PROD00320,2025-09-01,468,408,139
INV00002668,WH006,PROD00180,2025-12-15,924,287,141
INV00002669,WH006,PROD00143,2025-09-09,3110,495,156
INV00002670,WH006,PROD00445,2025-03-29,1927,340,90
INV00002671,WH006,PROD00228,2026-05-30,2316,246,192
INV00002672,WH006,PROD00177,2025-02-20,4274,475,198
INV00002673,WH006,PROD00318,2025-05-26,1049,114,147
INV00002674,WH006,PROD00089,2026-04-18,302,27,133
INV00002675,WH006,PROD00176,2026-06-21,1912,476,14
INV00002676,WH006,PROD00158,2025-09-13,2776,373,110
INV00002677,WH006,PROD00492,2026-02-08,3653,412,186
INV00002678,WH006,PROD00500,2025-03-24,387,170,167
INV00002679,WH006,PROD00477,2026-04-08,259,93,23
INV00002680,WH006,PROD00027,2025-11-22,1258,241,147
INV00002681,WH006,PROD00119,2025-09-05,548,49,47
INV00002682,WH006,PROD00058,2026-06-25,148,363,162
INV00002683,WH006,PROD00012,2025-03-11,2327,243,72
INV00002684,WH006,PROD00362,2025-12-28,683,191,151
INV00002685,WH006,PROD00107,2025-11-04,3080,424,103
INV00002686,WH006,PROD00363,2026-02-05,1485,328,72
INV00002687,WH006,PROD00074,2025-04-16,3201,95,28
INV00002688,WH006,PROD00373,2025-06-12,1420,13,185
INV00002689,WH006,PROD00398,2025-11-18,4607,106,52
INV00002690,WH006,PROD00250,2026-04-15,3496,279,174
INV00002691,WH006,PROD00452,2026-06-29,1058,397,67
INV00002692,WH006,PROD00112,2025-10-24,2092,488,128
INV00002693,WH006,PROD00172,2026-03-22,1251,94,169
INV00002694,WH006,PROD00010,2025-02-18,395,249,181
INV00002695,WH006,PROD00060,2026-03-08,2815,448,187
INV00002696,WH006,PROD00264,2026-05-17,404,39,58
INV00002697,WH006,PROD00334,2026-05-17,4968,40,154
INV00002698,WH006,PROD00257,2025-05-19,388,375,163
INV00002699,WH006,PROD00268,2026-01-16,3988,62,62
INV00002700,WH006,PROD00079,2025-01-06,1840,119,114
INV00002701,WH006,PROD00248,2025-10-06,427,321,111
INV00002702,WH006,PROD00374,2026-03-16,3696,57,73
INV00002703,WH006,PROD00263,2025-11-11,4379,420,33
INV00002704,WH006,PROD00288,2025-07-22,240,253,85
INV00002705,WH006,PROD00133,2025-12-18,3535,96,152
INV00002706,WH006,PROD00114,2025-02-22,3869,132,188
INV00002707,WH006,PROD00387,2026-01-07,4850,49,54
INV00002708,WH006,PROD00342,2025-08-30,4392,146,12
INV00002709,WH006,PROD00117,2025-10-07,3512,495,126
INV00002710,WH006,PROD00037,2025-04-24,2832,436,162
INV00002711,WH006,PROD00326,2025-07-25,1852,27,52
INV00002712,WH006,PROD00297,2026-06-03,3742,158,176
INV00002713,WH006,PROD00413,2025-10-03,4711,436,192
INV00002714,WH006,PROD00490,2025-07-31,643,455,146
INV00002715,WH006,PROD00357,2026-02-26,165,482,50
INV00002716,WH006,PROD00017,2025-09-06,130,78,38
INV00002717,WH006,PROD00044,2025-02-20,802,33,183
INV00002718,WH006,PROD00215,2026-01-22,4828,73,103
INV00002719,WH006,PROD00046,2026-08-03,872,244,93
INV00002720,WH006,PROD00061,2025-09-05,2927,121,200
INV00002721,WH006,PROD00347,2025-05-12,2930,2,145
INV00002722,WH006,PROD00186,2026-01-17,3013,27,80
INV00002723,WH006,PROD00013,2025-03-17,1503,406,177
INV00002724,WH006,PROD00113,2026-02-26,4804,281,39
INV00002725,WH006,PROD00310,2025-11-11,454,73,97
INV00002726,WH006,PROD00400,2025-04-28,2340,441,136
INV00002727,WH006,PROD00155,2026-02-02,439,30,109
INV00002728,WH006,PROD00275,2026-03-29,1083,228,194
INV00002729,WH006,PROD00395,2025-07-17,1927,6,160
INV00002730,WH006,PROD00280,2025-05-11,1965,98,137
INV00002731,WH006,PROD00325,2025-06-13,3072,450,40
INV00002732,WH006,PROD00090,2025-01-23,2814,359,188
INV00002733,WH006,PROD00147,2025-01-23,2810,295,175
INV00002734,WH006,PROD00313,2025-11-21,597,297,190
INV00002735,WH006,PROD00270,2025-05-06,1478,97,137
INV00002736,WH006,PROD00473,2025-11-09,277,459,174
INV00002737,WH006,PROD00467,2026-07-16,2043,493,107
INV00002738,WH006,PROD00223,2025-08-17,2799,494,130
INV00002739,WH006,PROD00416,2026-04-12,4642,188,162
INV00002740,WH006,PROD00494,2025-11-25,4627,58,180
INV00002741,WH006,PROD00480,2026-05-10,1596,425,193
INV00002742,WH006,PROD00004,2025-02-14,525,458,10
INV00002743,WH006,PROD00088,2025-12-27,1790,450,82
INV00002744,WH006,PROD00265,2026-03-18,121,273,58
INV00002745,WH006,PROD00035,2026-04-01,4337,186,47
INV00002746,WH006,PROD00029,2026-02-02,3223,183,151
INV00002747,WH006,PROD00399,2026-04-23,1991,331,75
INV00002748,WH006,PROD00254,2025-12-29,3472,229,18
INV00002749,WH006,PROD00338,2025-04-17,3739,455,177
INV00002750,WH006,PROD00072,2025-06-28,4287,92,190
INV00002751,WH006,PROD00136,2025-07-20,1816,111,89
INV00002752,WH006,PROD00173,2025-02-24,2269,373,141
INV00002753,WH006,PROD00296,2025-10-02,80,200,111
INV00002754,WH006,PROD00367,2025-06-09,311,347,33
INV00002755,WH006,PROD00411,2025-09-11,3898,242,181
INV00002756,WH006,PROD00132,2025-12-31,0,273,81
INV00002757,WH006,PROD00153,2025-09-04,871,275,25
INV00002758,WH006,PROD00498,2025-06-24,2332,287,20
INV00002759,WH006,PROD00148,2026-05-27,3134,85,177
INV00002760,WH006,PROD00421,2025-05-17,65,497,131
INV00002761,WH006,PROD00041,2026-04-09,2445,384,116
INV00002762,WH006,PROD00252,2025-01-01,1595,236,67
INV00002763,WH006,PROD00476,2026-03-23,1325,206,173
INV00002764,WH006,PROD00243,2025-01-04,170,65,126
INV00002765,WH006,PROD00118,2026-07-03,3054,203,42
INV00002766,WH006,PROD00175,2025-03-21,3791,198,139
INV00002767,WH006,PROD00184,2025-09-19,2025,378,36
INV00002768,WH006,PROD00086,2025-09-23,4983,94,72
INV00002769,WH006,PROD00261,2025-08-25,3292,496,67
INV00002770,WH006,PROD00125,2025-11-27,1513,326,80
INV00002771,WH006,PROD00462,2025-07-02,1046,204,84
INV00002772,WH006,PROD00179,2026-06-16,2366,247,19
INV00002773,WH006,PROD00146,2025-06-23,3628,159,140
INV00002774,WH006,PROD00104,2025-02-20,4373,90,165
INV00002775,WH006,PROD00042,2026-06-21,3247,360,159
INV00002776,WH006,PROD00043,2025-05-24,3919,355,117
INV00002777,WH006,PROD00390,2025-01-28,3503,43,10
INV00002778,WH006,PROD00302,2025-10-07,2621,348,106
INV00002779,WH006,PROD00087,2026-07-19,1052,383,44
INV00002780,WH006,PROD00317,2026-05-15,2265,335,46
INV00002781,WH006,PROD00122,2025-02-05,1162,232,102
INV00002782,WH006,PROD00343,2025-08-04,2387,370,167
INV00002783,WH006,PROD00482,2025-08-20,1706,307,125
INV00002784,WH006,PROD00181,2025-07-13,974,326,22
INV00002785,WH006,PROD00393,2026-02-27,3336,305,87
INV00002786,WH006,PROD00276,2025-04-13,4180,145,55
INV00002787,WH006,PROD00135,2026-02-23,4015,386,199
INV00002788,WH006,PROD00021,2026-01-13,4971,406,115
INV00002789,WH006,PROD00169,2025-01-25,4660,268,17
INV00002790,WH006,PROD00332,2025-05-11,4577,86,197
INV00002791,WH006,PROD00281,2025-10-01,4970,2,68
INV00002792,WH006,PROD00183,2026-06-28,4463,249,31
INV00002793,WH006,PROD00039,2025-01-06,1473,215,143
INV00002794,WH006,PROD00339,2026-03-08,2235,276,184
INV00002795,WH006,PROD00463,2026-06-29,2818,155,12
INV00002796,WH006,PROD00049,2025-03-31,4670,384,131
INV00002797,WH006,PROD00359,2025-10-23,4031,74,19
INV00002798,WH006,PROD00202,2025-02-12,3889,451,96
INV00002799,WH006,PROD00388,2026-03-07,3882,87,17
INV00002800,WH006,PROD00097,2025-02-02,4163,242,24
INV00002801,WH006,PROD00064,2026-07-21,2043,490,146
INV00002802,WH006,PROD00396,2026-07-20,3957,223,189
INV00002803,WH006,PROD00204,2025-01-23,2920,491,87
INV00002804,WH006,PROD00378,2026-02-12,3239,413,42
INV00002805,WH006,PROD00417,2026-06-28,3860,483,80
INV00002806,WH006,PROD00048,2026-01-07,135,170,27
INV00002807,WH006,PROD00032,2025-04-06,3451,222,198
INV00002808,WH006,PROD00182,2026-05-01,737,22,108
INV00002809,WH006,PROD00127,2026-05-04,2537,299,126
INV00002810,WH006,PROD00448,2025-07-06,3432,443,145
INV00002811,WH006,PROD00437,2025-03-15,1856,106,117
INV00002812,WH006,PROD00441,2026-01-25,1940,324,94
INV00002813,WH006,PROD00201,2025-12-25,3531,212,138
INV00002814,WH006,PROD00323,2025-02-08,4492,289,103
INV00002815,WH006,PROD00394,2025-05-30,2037,104,176
INV00002816,WH006,PROD00481,2025-06-24,1652,369,58
INV00002817,WH006,PROD00330,2025-09-01,3175,221,46
INV00002818,WH006,PROD00008,2026-02-12,4459,106,155
INV00002819,WH006,PROD00016,2026-02-11,1363,367,95
INV00002820,WH006,PROD00495,2025-12-30,4165,454,151
INV00002821,WH006,PROD00071,2025-01-26,788,147,50
INV00002822,WH006,PROD00272,2025-08-23,739,28,25
INV00002823,WH006,PROD00412,2026-02-13,3823,220,109
INV00002824,WH006,PROD00435,2026-03-09,2464,110,80
INV00002825,WH006,PROD00450,2026-01-20,4809,42,86
INV00002826,WH006,PROD00040,2026-07-24,3320,346,91
INV00002827,WH006,PROD00266,2026-04-19,92,436,151
INV00002828,WH006,PROD00018,2025-10-17,1184,421,42
INV00002829,WH006,PROD00350,2025-06-02,2117,410,112
INV00002830,WH006,PROD00110,2026-03-11,3517,211,182
INV00002831,WH006,PROD00333,2025-01-04,4717,135,119
INV00002832,WH006,PROD00430,2025-10-19,1556,4,176
INV00002833,WH006,PROD00321,2025-12-31,3006,94,154
INV00002834,WH006,PROD00239,2025-07-12,2766,175,45
INV00002835,WH006,PROD00221,2026-04-28,4816,32,107
INV00002836,WH006,PROD00253,2025-02-25,588,87,68
INV00002837,WH006,PROD00315,2026-05-17,1991,33,110
INV00002838,WH006,PROD00080,2026-03-05,0,223,179
INV00002839,WH006,PROD00024,2025-10-28,4290,344,174
INV00002840,WH006,PROD00429,2026-08-09,2552,34,22
INV00002841,WH006,PROD00129,2026-07-22,3238,438,105
INV00002842,WH006,PROD00386,2025-06-21,368,172,146
INV00002843,WH006,PROD00031,2025-03-31,2574,254,158
INV00002844,WH006,PROD00247,2025-10-21,2986,405,141
INV00002845,WH006,PROD00178,2025-03-11,888,92,185
INV00002846,WH006,PROD00077,2026-02-22,3105,193,157
INV00002847,WH006,PROD00210,2025-03-09,2185,459,71
INV00002848,WH006,PROD00207,2025-12-01,1030,119,78
INV00002849,WH006,PROD00308,2025-11-05,0,457,196
INV00002850,WH006,PROD00446,2025-06-21,1691,480,50
INV00002851,WH006,PROD00073,2025-01-30,1355,435,60
INV00002852,WH006,PROD00466,2025-12-15,3259,25,50
INV00002853,WH006,PROD00293,2026-07-28,1341,494,72
INV00002854,WH006,PROD00286,2025-11-22,405,264,162
INV00002855,WH006,PROD00093,2025-09-13,4212,452,177
INV00002856,WH006,PROD00236,2025-08-01,122,365,129
INV00002857,WH006,PROD00434,2025-07-21,1798,407,162
INV00002858,WH006,PROD00485,2026-03-21,1479,6,108
INV00002859,WH006,PROD00341,2025-04-07,2775,194,86
INV00002860,WH006,PROD00091,2025-07-31,488,373,131
INV00002861,WH006,PROD00151,2026-07-26,3290,102,83
INV00002862,WH006,PROD00324,2025-11-04,2733,401,73
INV00002863,WH006,PROD00150,2025-02-13,3755,403,80
INV00002864,WH006,PROD00019,2026-02-12,2285,31,63
INV00002865,WH006,PROD00269,2026-04-04,1708,244,76
INV00002866,WH006,PROD00432,2025-05-22,4985,394,191
INV00002867,WH006,PROD00488,2025-01-04,2390,451,182
INV00002868,WH006,PROD00419,2025-11-22,67,479,115
INV00002869,WH006,PROD00165,2025-05-29,4219,451,117
INV00002870,WH006,PROD00444,2026-02-04,4718,235,127
INV00002871,WH006,PROD00054,2025-08-09,1954,279,127
INV00002872,WH006,PROD00407,2026-05-01,2276,446,132
INV00002873,WH006,PROD00011,2026-01-10,3873,472,154
INV00002874,WH006,PROD00218,2026-03-26,394,427,139
INV00002875,WH006,PROD00121,2025-02-20,257,455,77
INV00002876,WH006,PROD00449,2025-11-13,2954,3,89
INV00002877,WH006,PROD00426,2026-07-06,2295,358,126
INV00002878,WH006,PROD00454,2025-09-04,605,96,177
INV00002879,WH006,PROD00365,2025-11-18,4888,414,187
INV00002880,WH006,PROD00076,2026-03-04,4192,86,120
INV00002881,WH006,PROD00216,2026-06-03,689,489,192
INV00002882,WH006,PROD00461,2026-01-30,1523,7,75
INV00002883,WH006,PROD00102,2026-04-10,2595,442,107
INV00002884,WH006,PROD00457,2025-04-26,1990,66,37
INV00002885,WH006,PROD00402,2025-06-19,4192,464,76
INV00002886,WH006,PROD00241,2025-07-07,3381,256,180
INV00002887,WH006,PROD00382,2025-10-29,4390,208,45
INV00002888,WH006,PROD00484,2026-01-27,1672,299,54
INV00002889,WH006,PROD00303,2025-10-08,49,117,187
INV00002890,WH006,PROD00100,2026-07-03,2619,428,129
INV00002891,WH006,PROD00384,2025-02-02,865,260,109
INV00002892,WH006,PROD00491,2025-01-22,3105,49,24
INV00002893,WH006,PROD00063,2026-02-27,4452,438,144
INV00002894,WH006,PROD00287,2025-12-06,347,150,101
INV00002895,WH006,PROD00371,2025-06-05,2987,82,159
INV00002896,WH006,PROD00468,2026-06-25,3208,248,43
INV00002897,WH006,PROD00262,2025-07-26,410,464,44
INV00002898,WH006,PROD00152,2025-12-09,4991,33,199
INV00002899,WH006,PROD00115,2025-07-12,2664,381,81
INV00002900,WH006,PROD00066,2025-08-08,4636,473,23
INV00002901,WH006,PROD00203,2025-09-15,2819,439,63
INV00002902,WH006,PROD00069,2026-05-24,1981,500,123
INV00002903,WH006,PROD00340,2025-05-26,1592,373,132
INV00002904,WH006,PROD00256,2025-05-16,530,19,24
INV00002905,WH006,PROD00406,2025-08-08,3027,65,135
INV00002906,WH006,PROD00001,2026-04-10,2887,308,58
INV00002907,WH006,PROD00023,2026-03-09,3458,205,178
INV00002908,WH006,PROD00096,2025-03-22,4628,232,33
INV00002909,WH006,PROD00160,2026-02-27,3062,451,97
INV00002910,WH006,PROD00237,2025-03-19,796,71,57
INV00002911,WH006,PROD00424,2025-03-21,1858,249,142
INV00002912,WH006,PROD00312,2026-04-04,3640,320,167
INV00002913,WH006,PROD00453,2026-01-03,4904,59,19
INV00002914,WH006,PROD00292,2025-04-16,31,427,13
INV00002915,WH006,PROD00222,2025-11-21,682,365,90
INV00002916,WH006,PROD00192,2025-08-06,1216,356,44
INV00002917,WH006,PROD00415,2025-11-29,3231,277,42
INV00002918,WH006,PROD00124,2026-03-25,508,377,37
INV00002919,WH006,PROD00273,2026-04-06,3071,422,191
INV00002920,WH006,PROD00034,2025-03-09,2807,227,28
INV00002921,WH006,PROD00381,2025-03-06,4215,323,175
INV00002922,WH006,PROD00259,2025-05-29,4437,145,119
INV00002923,WH006,PROD00028,2025-03-12,1175,363,179
INV00002924,WH006,PROD00199,2025-05-18,2135,398,87
INV00002925,WH006,PROD00190,2025-04-14,1454,95,16
INV00002926,WH006,PROD00397,2026-05-19,3876,133,154
INV00002927,WH006,PROD00369,2025-08-12,2835,18,121
INV00002928,WH006,PROD00436,2025-05-11,4078,166,163
INV00002929,WH006,PROD00238,2025-02-22,1668,316,173
INV00002930,WH006,PROD00487,2026-06-08,2491,207,150
INV00002931,WH006,PROD00409,2025-10-25,4649,434,109
INV00002932,WH006,PROD00025,2025-05-10,4059,227,77
INV00002933,WH006,PROD00062,2025-02-01,4765,463,90
INV00002934,WH006,PROD00211,2026-03-28,3008,478,177
INV00002935,WH006,PROD00489,2026-06-16,580,121,100
INV00002936,WH006,PROD00078,2025-05-13,1296,281,123
INV00002937,WH006,PROD00206,2025-05-04,4318,276,98
INV00002938,WH006,PROD00081,2026-04-22,4628,271,113
INV00002939,WH006,PROD00380,2025-04-12,617,46,57
INV00002940,WH006,PROD00003,2026-07-07,592,395,52
INV00002941,WH006,PROD00458,2026-03-24,4602,416,101
INV00002942,WH006,PROD00353,2025-05-10,1749,392,166
INV00002943,WH006,PROD00475,2026-08-07,4522,473,115
INV00002944,WH006,PROD00231,2025-01-15,2832,25,45
INV00002945,WH006,PROD00020,2026-03-07,2570,428,49
INV00002946,WH006,PROD00319,2026-01-19,2739,168,168
INV00002947,WH006,PROD00428,2025-04-09,1431,42,99
INV00002948,WH006,PROD00188,2026-03-03,4051,107,102
INV00002949,WH006,PROD00314,2025-03-15,367,346,127
INV00002950,WH006,PROD00213,2025-07-16,3579,81,151
INV00002951,WH006,PROD00459,2025-04-20,4233,164,133
INV00002952,WH006,PROD00267,2026-01-25,2834,250,141
INV00002953,WH006,PROD00348,2026-01-15,3129,485,149
INV00002954,WH006,PROD00294,2026-03-05,683,399,52
INV00002955,WH006,PROD00233,2025-03-30,4100,278,69
INV00002956,WH006,PROD00345,2025-07-28,4551,195,151
INV00002957,WH006,PROD00075,2025-03-28,4511,180,129
INV00002958,WH006,PROD00364,2025-10-10,2650,404,149
INV00002959,WH006,PROD00198,2025-02-13,3881,271,42
INV00002960,WH006,PROD00194,2026-02-04,2128,94,189
INV00002961,WH006,PROD00377,2026-05-07,3827,370,31
INV00002962,WH006,PROD00123,2025-11-26,3560,39,178
INV00002963,WH006,PROD00335,2025-02-24,3464,201,50
INV00002964,WH006,PROD00443,2025-04-23,697,274,115
INV00002965,WH006,PROD00336,2025-02-02,4729,105,176
INV00002966,WH006,PROD00108,2025-02-01,0,445,96
INV00002967,WH006,PROD00360,2025-12-16,1539,441,29
INV00002968,WH006,PROD00185,2025-02-20,3815,360,123
INV00002969,WH006,PROD00157,2025-07-23,1730,283,95
INV00002970,WH006,PROD00389,2026-03-17,1952,267,54
INV00002971,WH006,PROD00329,2025-12-26,207,242,43
INV00002972,WH006,PROD00440,2025-02-03,4686,107,56
INV00002973,WH006,PROD00403,2025-08-30,1263,90,33
INV00002974,WH006,PROD00366,2025-08-23,1097,74,36
INV00002975,WH006,PROD00346,2025-05-06,1456,71,85
INV00002976,WH006,PROD00474,2026-01-06,1287,227,137
INV00002977,WH006,PROD00414,2025-02-16,4194,123,47
INV00002978,WH006,PROD00131,2025-11-16,2002,407,139
INV00002979,WH006,PROD00015,2025-09-05,791,215,77
INV00002980,WH006,PROD00197,2025-11-04,3830,423,114
INV00002981,WH006,PROD00460,2026-07-22,3259,209,181
INV00002982,WH006,PROD00455,2026-03-23,619,422,189
INV00002983,WH006,PROD00214,2026-08-11,4804,372,169
INV00002984,WH006,PROD00447,2026-04-03,2699,39,132
INV00002985,WH006,PROD00372,2026-02-03,899,474,101
INV00002986,WH006,PROD00305,2026-06-13,4632,173,183
INV00002987,WH006,PROD00299,2025-01-02,3644,35,110
INV00002988,WH006,PROD00067,2025-02-22,3838,34,185
INV00002989,WH006,PROD00219,2025-05-27,2659,298,116
INV00002990,WH006,PROD00404,2026-02-23,517,148,52
INV00002991,WH006,PROD00094,2025-05-31,2244,60,176
INV00002992,WH006,PROD00420,2025-01-15,3332,141,46
INV00002993,WH006,PROD00229,2025-07-17,124,8,147
INV00002994,WH006,PROD00050,2026-01-30,3307,360,165
INV00002995,WH006,PROD00059,2026-04-19,2196,231,135
INV00002996,WH006,PROD00095,2025-03-26,3202,209,134
INV00002997,WH006,PROD00425,2026-03-28,4016,351,44
INV00002998,WH006,PROD00249,2026-04-10,1197,282,148
INV00002999,WH006,PROD00370,2025-06-07,3602,133,198
INV00003000,WH006,PROD00284,2025-07-03,1417,141,148
INV00003001,WH007,PROD00359,2025-09-18,4098,38,19
INV00003002,WH007,PROD00338,2025-03-21,688,316,177
INV00003003,WH007,PROD00044,2026-07-27,98,299,183
INV00003004,WH007,PROD00055,2025-04-11,4819,402,147
INV00003005,WH007,PROD00376,2025-09-22,534,435,25
INV00003006,WH007,PROD00030,2025-12-12,2977,141,167
INV00003007,WH007,PROD00195,2025-10-24,2824,434,136
INV00003008,WH007,PROD00403,2026-04-27,2677,416,33
INV00003009,WH007,PROD00288,2025-06-08,410,442,85
INV00003010,WH007,PROD00464,2025-12-07,979,170,197
INV00003011,WH007,PROD00092,2025-07-07,629,272,94
INV00003012,WH007,PROD00500,2025-07-12,1815,249,167
INV00003013,WH007,PROD00303,2026-05-04,3249,187,187
INV00003014,WH007,PROD00001,2025-02-09,1187,411,58
INV00003015,WH007,PROD00006,2026-03-01,1460,160,25
INV00003016,WH007,PROD00286,2025-11-13,232,158,162
INV00003017,WH007,PROD00468,2025-01-14,3871,311,43
INV00003018,WH007,PROD00493,2026-04-01,2245,16,182
INV00003019,WH007,PROD00016,2025-02-26,4928,461,95
INV00003020,WH007,PROD00117,2025-03-03,4762,183,126
INV00003021,WH007,PROD00344,2026-06-03,1050,74,108
INV00003022,WH007,PROD00144,2025-06-07,4096,105,168
INV00003023,WH007,PROD00490,2026-06-19,2560,413,146
INV00003024,WH007,PROD00216,2026-03-20,4308,151,192
INV00003025,WH007,PROD00408,2025-04-29,1995,5,39
INV00003026,WH007,PROD00304,2025-12-14,4702,255,31
INV00003027,WH007,PROD00360,2025-08-12,3368,107,29
INV00003028,WH007,PROD00198,2026-07-25,803,349,42
INV00003029,WH007,PROD00098,2025-11-28,4145,120,56
INV00003030,WH007,PROD00466,2026-06-08,1896,141,50
INV00003031,WH007,PROD00004,2025-05-16,268,58,10
INV00003032,WH007,PROD00056,2025-07-02,2095,184,32
INV00003033,WH007,PROD00230,2026-05-05,1889,314,22
INV00003034,WH007,PROD00324,2025-10-02,2922,100,73
INV00003035,WH007,PROD00210,2025-03-13,3280,367,71
INV00003036,WH007,PROD00297,2025-10-26,1398,101,176
INV00003037,WH007,PROD00305,2026-01-08,2947,18,183
INV00003038,WH007,PROD00318,2025-06-23,56,205,147
INV00003039,WH007,PROD00476,2025-01-14,1827,51,173
INV00003040,WH007,PROD00439,2025-10-31,2885,261,53
INV00003041,WH007,PROD00168,2025-01-18,298,388,16
INV00003042,WH007,PROD00130,2025-12-12,2857,190,115
INV00003043,WH007,PROD00229,2025-12-16,186,115,147
INV00003044,WH007,PROD00143,2025-09-01,2522,493,156
INV00003045,WH007,PROD00093,2025-02-21,2164,417,177
INV00003046,WH007,PROD00163,2025-04-29,4223,306,166
INV00003047,WH007,PROD00278,2025-10-06,1855,201,188
INV00003048,WH007,PROD00263,2026-05-18,4604,421,33
INV00003049,WH007,PROD00371,2025-02-10,1678,26,159
INV00003050,WH007,PROD00258,2025-08-27,64,312,86
INV00003051,WH007,PROD00417,2026-03-15,2355,432,80
INV00003052,WH007,PROD00068,2026-03-31,2333,478,40
INV00003053,WH007,PROD00387,2026-06-18,2309,125,54
INV00003054,WH007,PROD00003,2025-06-24,0,482,52
INV00003055,WH007,PROD00438,2025-08-30,3875,295,192
INV00003056,WH007,PROD00302,2025-05-28,4599,24,106
INV00003057,WH007,PROD00080,2026-01-08,2034,139,179
INV00003058,WH007,PROD00378,2025-08-03,2773,196,42
INV00003059,WH007,PROD00459,2025-08-15,4457,103,133
INV00003060,WH007,PROD00171,2025-01-11,4390,176,48
INV00003061,WH007,PROD00086,2026-03-25,2326,62,72
INV00003062,WH007,PROD00102,2025-03-11,3342,401,107
INV00003063,WH007,PROD00332,2026-02-16,2725,28,197
INV00003064,WH007,PROD00491,2025-04-03,4058,144,24
INV00003065,WH007,PROD00441,2026-07-07,250,304,94
INV00003066,WH007,PROD00251,2025-09-08,3908,263,184
INV00003067,WH007,PROD00060,2025-11-09,744,322,187
INV00003068,WH007,PROD00474,2026-02-05,3583,111,137
INV00003069,WH007,PROD00337,2026-03-13,3372,152,176
INV00003070,WH007,PROD00295,2026-06-05,4133,109,73
INV00003071,WH007,PROD00289,2025-11-08,1294,82,109
INV00003072,WH007,PROD00155,2026-02-04,4778,1,109
INV00003073,WH007,PROD00370,2025-06-22,2362,51,198
INV00003074,WH007,PROD00413,2025-06-30,3886,62,192
INV00003075,WH007,PROD00422,2025-09-05,2039,478,135
INV00003076,WH007,PROD00213,2026-07-28,2056,492,151
INV00003077,WH007,PROD00226,2025-12-07,4801,178,86
INV00003078,WH007,PROD00489,2026-07-02,4940,312,100
INV00003079,WH007,PROD00192,2025-11-12,240,0,44
INV00003080,WH007,PROD00009,2025-03-23,3162,355,143
INV00003081,WH007,PROD00415,2025-10-01,2817,67,42
INV00003082,WH007,PROD00265,2026-02-07,3432,354,58
INV00003083,WH007,PROD00335,2025-05-31,497,229,50
INV00003084,WH007,PROD00227,2025-05-12,4163,285,41
INV00003085,WH007,PROD00326,2026-03-28,1137,23,52
INV00003086,WH007,PROD00175,2026-01-22,4353,70,139
INV00003087,WH007,PROD00329,2025-09-20,3375,445,43
INV00003088,WH007,PROD00296,2025-08-05,1094,453,111
INV00003089,WH007,PROD00081,2026-02-25,4285,315,113
INV00003090,WH007,PROD00071,2026-03-08,877,448,50
INV00003091,WH007,PROD00167,2025-05-27,1511,52,141
INV00003092,WH007,PROD00254,2025-09-30,1376,21,18
INV00003093,WH007,PROD00426,2025-05-13,569,266,126
INV00003094,WH007,PROD00101,2026-07-27,3365,306,118
INV00003095,WH007,PROD00234,2025-08-02,2228,275,111
INV00003096,WH007,PROD00328,2025-07-31,952,493,183
INV00003097,WH007,PROD00221,2026-07-12,1146,266,107
INV00003098,WH007,PROD00394,2025-08-12,3591,103,176
INV00003099,WH007,PROD00057,2025-09-06,3182,339,17
INV00003100,WH007,PROD00199,2026-04-03,2354,393,87
INV00003101,WH007,PROD00369,2026-07-31,1125,411,121
INV00003102,WH007,PROD00467,2026-05-05,3657,42,107
INV00003103,WH007,PROD00270,2026-07-12,3249,420,137
INV00003104,WH007,PROD00002,2025-08-28,814,475,150
INV00003105,WH007,PROD00386,2025-04-10,506,119,146
INV00003106,WH007,PROD00247,2025-11-10,2373,42,141
INV00003107,WH007,PROD00022,2025-07-27,764,438,66
INV00003108,WH007,PROD00434,2025-09-08,1017,297,162
INV00003109,WH007,PROD00244,2026-04-12,2701,431,73
INV00003110,WH007,PROD00374,2026-05-23,2358,478,73
INV00003111,WH007,PROD00355,2025-01-09,4761,14,78
INV00003112,WH007,PROD00311,2025-07-11,3883,470,128
INV00003113,WH007,PROD00233,2025-01-13,1464,131,69
INV00003114,WH007,PROD00162,2025-10-23,1151,21,187
INV00003115,WH007,PROD00389,2025-07-24,154,288,54
INV00003116,WH007,PROD00209,2025-01-05,2910,65,137
INV00003117,WH007,PROD00253,2026-08-07,726,28,68
INV00003118,WH007,PROD00354,2025-11-12,4105,333,137
INV00003119,WH007,PROD00064,2026-02-20,2199,72,146
INV00003120,WH007,PROD00148,2026-06-19,1894,131,177
INV00003121,WH007,PROD00189,2026-02-22,4599,408,29
INV00003122,WH007,PROD00266,2026-02-26,3829,417,151
INV00003123,WH007,PROD00183,2025-11-24,2967,51,31
INV00003124,WH007,PROD00471,2025-02-22,4348,226,152
INV00003125,WH007,PROD00494,2025-05-23,4000,350,180
INV00003126,WH007,PROD00142,2026-04-06,3723,67,199
INV00003127,WH007,PROD00449,2026-03-23,1058,269,89
INV00003128,WH007,PROD00431,2025-01-30,2339,228,43
INV00003129,WH007,PROD00122,2025-04-03,4041,45,102
INV00003130,WH007,PROD00139,2026-05-02,1841,178,180
INV00003131,WH007,PROD00264,2025-02-18,3919,485,58
INV00003132,WH007,PROD00236,2026-01-11,0,466,129
INV00003133,WH007,PROD00032,2025-08-13,792,2,198
INV00003134,WH007,PROD00112,2025-01-22,870,168,128
INV00003135,WH007,PROD00343,2026-07-17,487,383,167
INV00003136,WH007,PROD00053,2026-02-27,2568,297,175
INV00003137,WH007,PROD00240,2025-11-05,1111,21,94
INV00003138,WH007,PROD00473,2026-01-01,31,436,174
INV00003139,WH007,PROD00382,2026-02-13,396,30,45
INV00003140,WH007,PROD00279,2026-04-28,4222,210,113
INV00003141,WH007,PROD00160,2025-04-02,4476,467,97
INV00003142,WH007,PROD00351,2025-10-18,4771,22,62
INV00003143,WH007,PROD00051,2025-08-12,4231,77,106
INV00003144,WH007,PROD00013,2025-03-30,2610,91,177
INV00003145,WH007,PROD00472,2025-07-17,1681,454,29
INV00003146,WH007,PROD00252,2025-11-27,4543,131,67
INV00003147,WH007,PROD00172,2026-06-15,3431,427,169
INV00003148,WH007,PROD00087,2026-04-25,3946,104,44
INV00003149,WH007,PROD00350,2025-01-28,3088,52,112
INV00003150,WH007,PROD00428,2025-08-09,2669,423,99
INV00003151,WH007,PROD00050,2025-01-28,4950,10,165
INV00003152,WH007,PROD00120,2025-02-26,345,32,16
INV00003153,WH007,PROD00322,2025-01-26,4776,361,127
INV00003154,WH007,PROD00465,2025-09-25,1423,327,108
INV00003155,WH007,PROD00267,2026-07-15,371,390,141
INV00003156,WH007,PROD00281,2025-10-31,2428,225,68
INV00003157,WH007,PROD00457,2026-07-06,3437,66,37
INV00003158,WH007,PROD00398,2025-11-11,1442,481,52
INV00003159,WH007,PROD00330,2025-06-05,2514,128,46
INV00003160,WH007,PROD00141,2025-03-31,1788,96,43
INV00003161,WH007,PROD00480,2025-01-14,4897,164,193
INV00003162,WH007,PROD00194,2026-05-27,3196,86,189
INV00003163,WH007,PROD00320,2025-05-20,4298,147,139
INV00003164,WH007,PROD00419,2026-07-28,1026,414,115
INV00003165,WH007,PROD00334,2026-01-10,3609,325,154
INV00003166,WH007,PROD00447,2025-07-15,3571,373,132
INV00003167,WH007,PROD00121,2026-05-02,4492,279,77
INV00003168,WH007,PROD00076,2025-08-28,3936,371,120
INV00003169,WH007,PROD00176,2025-06-19,4344,33,14
INV00003170,WH007,PROD00397,2025-01-10,1566,38,154
INV00003171,WH007,PROD00207,2026-05-23,4619,329,78
INV00003172,WH007,PROD00488,2026-05-31,4264,174,182
INV00003173,WH007,PROD00146,2025-04-14,2631,279,140
INV00003174,WH007,PROD00315,2025-02-25,4994,236,110
INV00003175,WH007,PROD00131,2025-01-28,4613,255,139
INV00003176,WH007,PROD00231,2025-08-04,0,418,45
INV00003177,WH007,PROD00110,2026-06-02,2434,418,182
INV00003178,WH007,PROD00058,2026-05-13,2092,16,162
INV00003179,WH007,PROD00136,2025-09-25,0,126,89
INV00003180,WH007,PROD00306,2025-07-11,151,229,142
INV00003181,WH007,PROD00023,2025-09-10,2867,192,178
INV00003182,WH007,PROD00074,2025-06-06,4396,110,28
INV00003183,WH007,PROD00424,2026-03-24,244,247,142
INV00003184,WH007,PROD00039,2025-12-04,4579,384,143
INV00003185,WH007,PROD00063,2026-05-05,2381,197,144
INV00003186,WH007,PROD00462,2026-02-24,1627,290,84
INV00003187,WH007,PROD00443,2026-07-26,4542,25,115
INV00003188,WH007,PROD00111,2025-02-20,44,90,130
INV00003189,WH007,PROD00356,2025-04-10,1696,176,157
INV00003190,WH007,PROD00007,2026-02-14,3000,240,140
INV00003191,WH007,PROD00027,2026-07-24,1606,380,147
INV00003192,WH007,PROD00109,2025-06-22,2340,354,111
INV00003193,WH007,PROD00257,2026-04-27,4075,48,163
INV00003194,WH007,PROD00220,2025-06-17,3678,98,68
INV00003195,WH007,PROD00008,2026-03-29,1793,159,155
INV00003196,WH007,PROD00435,2025-05-29,1332,197,80
INV00003197,WH007,PROD00156,2025-03-07,3318,438,34
INV00003198,WH007,PROD00463,2025-12-29,4093,156,12
INV00003199,WH007,PROD00368,2026-06-20,4638,384,31
INV00003200,WH007,PROD00091,2025-10-10,2024,18,131
INV00003201,WH007,PROD00412,2025-04-18,3654,184,109
INV00003202,WH007,PROD00496,2026-02-20,412,356,172
INV00003203,WH007,PROD00079,2025-12-19,934,361,114
INV00003204,WH007,PROD00017,2025-11-13,2561,1,38
INV00003205,WH007,PROD00391,2025-07-16,2021,423,92
INV00003206,WH007,PROD00147,2025-02-22,1420,396,175
INV00003207,WH007,PROD00353,2025-08-05,1062,198,166
INV00003208,WH007,PROD00316,2026-01-30,1521,282,86
INV00003209,WH007,PROD00190,2026-01-07,2492,105,16
INV00003210,WH007,PROD00407,2026-05-23,3235,447,132
INV00003211,WH007,PROD00393,2025-05-12,3511,91,87
INV00003212,WH007,PROD00300,2025-04-10,3150,264,150
INV00003213,WH007,PROD00021,2026-04-30,2793,316,115
INV00003214,WH007,PROD00280,2026-07-17,843,62,137
INV00003215,WH007,PROD00104,2025-12-27,4799,163,165
INV00003216,WH007,PROD00223,2025-12-30,3901,68,130
INV00003217,WH007,PROD00313,2025-03-30,1102,370,190
INV00003218,WH007,PROD00414,2025-08-04,75,96,47
INV00003219,WH007,PROD00212,2026-06-09,1334,307,196
INV00003220,WH007,PROD00352,2025-05-22,186,356,26
INV00003221,WH007,PROD00283,2025-11-08,2520,117,192
INV00003222,WH007,PROD00390,2025-04-22,4425,219,10
INV00003223,WH007,PROD00005,2025-05-19,3112,49,152
INV00003224,WH007,PROD00366,2026-01-04,366,85,36
INV00003225,WH007,PROD00358,2026-02-15,1299,133,21
INV00003226,WH007,PROD00375,2025-10-06,4204,258,113
INV00003227,WH007,PROD00182,2026-04-01,2569,182,108
INV00003228,WH007,PROD00035,2025-05-14,1936,256,47
INV00003229,WH007,PROD00015,2026-04-15,4313,205,77
INV00003230,WH007,PROD00020,2025-07-31,3722,338,49
INV00003231,WH007,PROD00042,2025-08-14,154,415,159
INV00003232,WH007,PROD00301,2025-05-29,276,183,114
INV00003233,WH007,PROD00478,2025-12-01,1274,86,103
INV00003234,WH007,PROD00271,2026-05-06,553,96,197
INV00003235,WH007,PROD00384,2026-07-05,4091,335,109
INV00003236,WH007,PROD00416,2025-07-19,2430,6,162
INV00003237,WH007,PROD00314,2025-03-21,0,153,127
INV00003238,WH007,PROD00477,2025-06-09,4478,8,23
INV00003239,WH007,PROD00361,2025-07-26,3407,33,21
INV00003240,WH007,PROD00161,2025-07-08,3700,448,35
INV00003241,WH007,PROD00433,2025-09-26,2654,175,183
INV00003242,WH007,PROD00259,2026-08-10,165,331,119
INV00003243,WH007,PROD00276,2026-07-08,3499,338,55
INV00003244,WH007,PROD00325,2025-11-22,2072,381,40
INV00003245,WH007,PROD00137,2025-09-16,3592,378,22
INV00003246,WH007,PROD00191,2026-01-03,400,231,190
INV00003247,WH007,PROD00345,2026-05-26,587,87,151
INV00003248,WH007,PROD00362,2025-07-07,3891,324,151
INV00003249,WH007,PROD00495,2025-11-27,1897,350,151
INV00003250,WH007,PROD00487,2025-02-15,732,473,150
INV00003251,WH007,PROD00255,2025-03-19,1526,276,163
INV00003252,WH007,PROD00103,2025-05-10,2578,194,12
INV00003253,WH007,PROD00165,2026-02-17,157,291,117
INV00003254,WH007,PROD00246,2025-09-16,4469,317,184
INV00003255,WH007,PROD00242,2025-09-06,2426,400,186
INV00003256,WH007,PROD00200,2025-01-14,120,127,30
INV00003257,WH007,PROD00409,2026-03-06,405,100,109
INV00003258,WH007,PROD00206,2026-03-11,2886,398,98
INV00003259,WH007,PROD00444,2025-08-06,4654,173,127
INV00003260,WH007,PROD00054,2025-03-26,4216,73,127
INV00003261,WH007,PROD00479,2026-07-09,757,301,172
INV00003262,WH007,PROD00388,2025-04-16,3185,39,17
INV00003263,WH007,PROD00126,2026-02-23,3707,190,189
INV00003264,WH007,PROD00164,2026-01-26,3519,253,59
INV00003265,WH007,PROD00331,2025-09-30,9,439,141
INV00003266,WH007,PROD00084,2025-09-14,4054,176,89
INV00003267,WH007,PROD00025,2025-09-08,3639,233,77
INV00003268,WH007,PROD00157,2026-04-25,1965,404,95
INV00003269,WH007,PROD00100,2026-04-30,2577,364,129
INV00003270,WH007,PROD00174,2025-11-29,660,171,57
INV00003271,WH007,PROD00152,2025-03-31,4277,263,199
INV00003272,WH007,PROD00291,2026-05-29,4678,11,36
INV00003273,WH007,PROD00401,2025-08-31,878,424,185
INV00003274,WH007,PROD00379,2025-06-06,3652,75,120
INV00003275,WH007,PROD00357,2025-12-29,4852,23,50
INV00003276,WH007,PROD00399,2025-08-10,4321,23,75
INV00003277,WH007,PROD00346,2025-11-07,1037,252,85
INV00003278,WH007,PROD00309,2026-05-25,1931,254,131
INV00003279,WH007,PROD00486,2026-06-02,1991,396,44
INV00003280,WH007,PROD00185,2025-12-17,4150,172,123
INV00003281,WH007,PROD00492,2026-01-10,4424,18,186
INV00003282,WH007,PROD00031,2025-02-04,312,153,158
INV00003283,WH007,PROD00461,2026-07-04,2576,148,75
INV00003284,WH007,PROD00135,2025-09-29,2592,46,199
INV00003285,WH007,PROD00243,2025-06-25,959,384,126
INV00003286,WH007,PROD00310,2025-02-01,588,489,97
INV00003287,WH007,PROD00308,2026-07-01,1477,384,196
INV00003288,WH007,PROD00128,2026-04-15,344,444,49
INV00003289,WH007,PROD00245,2025-12-29,2461,51,150
INV00003290,WH007,PROD00096,2025-03-30,1855,54,33
INV00003291,WH007,PROD00274,2025-05-14,4073,228,167
INV00003292,WH007,PROD00140,2025-07-11,952,278,64
INV00003293,WH007,PROD00028,2025-10-06,312,300,179
INV00003294,WH007,PROD00336,2025-09-18,4744,363,176
INV00003295,WH007,PROD00118,2025-04-08,2881,15,42
INV00003296,WH007,PROD00453,2025-06-24,83,385,19
INV00003297,WH007,PROD00077,2025-08-22,341,224,157
INV00003298,WH007,PROD00228,2026-06-30,4143,174,192
INV00003299,WH007,PROD00285,2025-08-24,3183,428,98
INV00003300,WH007,PROD00333,2026-07-29,2095,342,119
INV00003301,WH007,PROD00420,2026-07-24,484,206,46
INV00003302,WH007,PROD00248,2025-12-19,2433,364,111
INV00003303,WH007,PROD00033,2025-06-24,4032,179,70
INV00003304,WH007,PROD00113,2025-07-24,2640,4,39
INV00003305,WH007,PROD00224,2025-06-29,1610,254,106
INV00003306,WH007,PROD00138,2026-05-09,3843,218,65
INV00003307,WH007,PROD00483,2025-08-17,2067,141,151
INV00003308,WH007,PROD00269,2025-07-10,4603,285,76
INV00003309,WH007,PROD00249,2025-07-30,392,317,148
INV00003310,WH007,PROD00287,2025-10-21,2606,10,101
INV00003311,WH007,PROD00085,2026-05-04,4995,438,40
INV00003312,WH007,PROD00432,2025-01-18,2922,236,191
INV00003313,WH007,PROD00293,2026-01-20,916,274,72
INV00003314,WH007,PROD00043,2025-01-26,2373,157,117
INV00003315,WH007,PROD00124,2026-04-30,1846,255,37
INV00003316,WH007,PROD00470,2025-06-24,3685,301,142
INV00003317,WH007,PROD00218,2025-09-01,615,60,139
INV00003318,WH007,PROD00347,2025-08-23,1915,66,145
INV00003319,WH007,PROD00497,2026-03-25,435,187,85
INV00003320,WH007,PROD00225,2025-04-06,1205,90,194
INV00003321,WH007,PROD00040,2026-01-06,2033,476,91
INV00003322,WH007,PROD00186,2025-03-13,89,443,80
INV00003323,WH007,PROD00011,2025-11-29,3471,156,154
INV00003324,WH007,PROD00179,2025-08-30,3437,299,19
INV00003325,WH007,PROD00452,2025-04-08,265,184,67
INV00003326,WH007,PROD00012,2026-06-09,2747,441,72
INV00003327,WH007,PROD00372,2025-11-13,4042,203,101
INV00003328,WH007,PROD00385,2026-04-20,3567,115,130
INV00003329,WH007,PROD00381,2026-01-30,777,9,175
INV00003330,WH007,PROD00342,2025-12-01,2444,47,12
INV00003331,WH007,PROD00208,2026-05-04,1431,58,117
INV00003332,WH007,PROD00010,2025-11-05,557,395,181
INV00003333,WH007,PROD00108,2026-06-02,1617,97,96
INV00003334,WH007,PROD00442,2025-11-17,3832,355,172
INV00003335,WH007,PROD00082,2025-01-06,631,345,137
INV00003336,WH007,PROD00073,2025-06-14,3342,1,60
INV00003337,WH007,PROD00219,2025-12-30,2897,320,116
INV00003338,WH007,PROD00290,2026-01-25,1575,243,79
INV00003339,WH007,PROD00202,2025-07-11,1705,122,96
INV00003340,WH007,PROD00448,2025-03-22,3549,161,145
INV00003341,WH007,PROD00107,2026-01-10,483,279,103
INV00003342,WH007,PROD00215,2026-05-30,4237,446,103
INV00003343,WH007,PROD00456,2025-09-09,4857,61,169
INV00003344,WH007,PROD00396,2025-10-15,3395,20,189
INV00003345,WH007,PROD00392,2025-10-28,2835,231,144
INV00003346,WH007,PROD00364,2025-05-30,1701,11,149
INV00003347,WH007,PROD00067,2025-12-24,901,35,185
INV00003348,WH007,PROD00052,2026-05-16,1852,461,87
INV00003349,WH007,PROD00427,2025-01-28,3390,476,41
INV00003350,WH007,PROD00446,2025-06-27,443,268,50
INV00003351,WH007,PROD00458,2026-02-26,4549,118,101
INV00003352,WH007,PROD00455,2025-10-15,2788,100,189
INV00003353,WH007,PROD00460,2025-01-06,3703,433,181
INV00003354,WH007,PROD00133,2025-04-18,3315,365,152
INV00003355,WH007,PROD00062,2026-08-11,899,194,90
INV00003356,WH007,PROD00026,2025-08-23,3578,298,140
INV00003357,WH007,PROD00106,2026-01-05,2853,357,43
INV00003358,WH007,PROD00298,2025-10-31,865,57,111
INV00003359,WH007,PROD00445,2026-07-18,1987,134,90
INV00003360,WH007,PROD00145,2026-06-02,158,108,144
INV00003361,WH007,PROD00029,2025-10-20,1309,129,151
INV00003362,WH007,PROD00241,2026-06-25,469,0,180
INV00003363,WH007,PROD00072,2025-08-04,1773,78,190
INV00003364,WH007,PROD00437,2025-11-25,1002,152,117
INV00003365,WH007,PROD00377,2025-06-01,4840,63,31
INV00003366,WH007,PROD00038,2025-05-27,4983,183,150
INV00003367,WH007,PROD00078,2025-03-24,3216,97,123
INV00003368,WH007,PROD00047,2025-07-05,1906,217,117
INV00003369,WH007,PROD00217,2025-01-30,3254,311,166
INV00003370,WH007,PROD00430,2025-01-23,3156,214,176
INV00003371,WH007,PROD00321,2026-04-02,113,463,154
INV00003372,WH007,PROD00340,2025-05-08,2579,154,132
INV00003373,WH007,PROD00348,2025-06-19,2702,399,149
INV00003374,WH007,PROD00094,2026-03-21,1678,450,176
INV00003375,WH007,PROD00319,2026-02-10,450,329,168
INV00003376,WH007,PROD00037,2025-03-26,1656,33,162
INV00003377,WH007,PROD00066,2026-04-21,2866,256,23
INV00003378,WH007,PROD00349,2026-06-06,2964,127,25
INV00003379,WH007,PROD00250,2026-02-18,3724,482,174
INV00003380,WH007,PROD00214,2026-06-18,3095,84,169
INV00003381,WH007,PROD00018,2025-05-24,2209,150,42
INV00003382,WH007,PROD00418,2025-02-28,1389,176,47
INV00003383,WH007,PROD00406,2025-06-19,2340,171,135
INV00003384,WH007,PROD00088,2026-08-11,4374,225,82
INV00003385,WH007,PROD00341,2025-06-05,54,231,86
INV00003386,WH007,PROD00238,2025-02-26,3139,259,173
INV00003387,WH007,PROD00323,2026-07-27,1940,465,103
INV00003388,WH007,PROD00485,2025-06-19,3119,329,108
INV00003389,WH007,PROD00451,2025-04-10,2473,246,97
INV00003390,WH007,PROD00153,2025-01-25,1446,0,25
INV00003391,WH007,PROD00260,2026-01-28,798,160,116
INV00003392,WH007,PROD00498,2026-03-04,4,6,20
INV00003393,WH007,PROD00268,2025-09-22,2686,274,62
INV00003394,WH007,PROD00024,2025-11-11,2179,485,174
INV00003395,WH007,PROD00132,2025-10-14,3656,389,81
INV00003396,WH007,PROD00177,2025-02-19,2139,44,198
INV00003397,WH007,PROD00499,2026-01-25,3003,83,129
INV00003398,WH007,PROD00475,2025-04-15,4590,475,115
INV00003399,WH007,PROD00173,2025-10-29,3833,292,141
INV00003400,WH007,PROD00425,2025-11-13,4823,3,44
INV00003401,WH007,PROD00339,2025-05-23,1746,139,184
INV00003402,WH007,PROD00070,2025-06-02,1608,56,35
INV00003403,WH007,PROD00049,2025-04-25,3865,283,131
INV00003404,WH007,PROD00197,2025-12-23,1587,244,114
INV00003405,WH007,PROD00125,2025-11-05,2217,152,80
INV00003406,WH007,PROD00481,2025-02-21,3703,268,58
INV00003407,WH007,PROD00154,2026-04-08,2200,127,73
INV00003408,WH007,PROD00123,2025-06-15,1050,139,178
INV00003409,WH007,PROD00440,2026-04-11,1941,379,56
INV00003410,WH007,PROD00196,2025-10-17,3814,147,32
INV00003411,WH007,PROD00273,2026-03-05,1560,340,191
INV00003412,WH007,PROD00083,2026-02-18,1711,88,188
INV00003413,WH007,PROD00187,2025-01-10,3024,364,17
INV00003414,WH007,PROD00169,2025-12-30,880,229,17
INV00003415,WH007,PROD00327,2025-06-28,1136,407,147
INV00003416,WH007,PROD00134,2025-07-19,2924,151,96
INV00003417,WH007,PROD00299,2026-03-16,1342,447,110
INV00003418,WH007,PROD00421,2025-05-29,2629,321,131
INV00003419,WH007,PROD00277,2025-07-05,4113,376,100
INV00003420,WH007,PROD00151,2026-05-13,2401,1,83
INV00003421,WH007,PROD00034,2025-01-22,4384,440,28
INV00003422,WH007,PROD00262,2025-04-04,9,423,44
INV00003423,WH007,PROD00129,2026-02-04,1436,262,105
INV00003424,WH007,PROD00150,2025-11-13,2976,369,80
INV00003425,WH007,PROD00099,2025-03-25,3318,117,159
INV00003426,WH007,PROD00119,2025-09-10,2805,32,47
INV00003427,WH007,PROD00114,2026-03-14,362,92,188
INV00003428,WH007,PROD00454,2026-03-10,3296,404,177
INV00003429,WH007,PROD00193,2025-03-15,697,253,91
INV00003430,WH007,PROD00061,2025-05-25,2438,364,200
INV00003431,WH007,PROD00395,2026-06-21,2663,299,160
INV00003432,WH007,PROD00469,2025-09-11,0,91,90
INV00003433,WH007,PROD00170,2025-07-05,1637,138,130
INV00003434,WH007,PROD00400,2026-05-16,4521,490,136
INV00003435,WH007,PROD00205,2025-08-31,4874,430,116
INV00003436,WH007,PROD00256,2026-04-11,4258,347,24
INV00003437,WH007,PROD00484,2026-03-24,4625,439,54
INV00003438,WH007,PROD00036,2026-08-05,2188,340,22
INV00003439,WH007,PROD00178,2026-04-14,3349,106,185
INV00003440,WH007,PROD00383,2025-12-31,2737,8,107
INV00003441,WH007,PROD00239,2026-04-06,4960,120,45
INV00003442,WH007,PROD00365,2025-05-19,4790,356,187
INV00003443,WH007,PROD00211,2025-03-22,701,446,177
INV00003444,WH007,PROD00127,2026-06-23,2151,240,126
INV00003445,WH007,PROD00429,2025-12-04,322,335,22
INV00003446,WH007,PROD00046,2026-07-22,1142,139,93
INV00003447,WH007,PROD00149,2026-08-14,4244,145,154
INV00003448,WH007,PROD00184,2025-02-15,2731,27,36
INV00003449,WH007,PROD00014,2026-07-13,4992,491,37
INV00003450,WH007,PROD00041,2025-01-29,604,486,116
INV00003451,WH007,PROD00159,2025-04-17,3424,154,181
INV00003452,WH007,PROD00423,2025-03-12,3707,154,78
INV00003453,WH007,PROD00180,2025-02-25,1508,381,141
INV00003454,WH007,PROD00116,2025-08-08,1180,196,185
INV00003455,WH007,PROD00411,2026-06-21,4686,256,181
INV00003456,WH007,PROD00307,2026-02-06,3145,5,48
INV00003457,WH007,PROD00069,2025-10-12,1218,77,123
INV00003458,WH007,PROD00237,2025-01-01,2864,73,57
INV00003459,WH007,PROD00282,2026-03-25,4838,454,149
INV00003460,WH007,PROD00404,2025-04-11,2048,363,52
INV00003461,WH007,PROD00235,2025-04-30,4644,93,95
INV00003462,WH007,PROD00204,2026-02-06,1691,378,87
INV00003463,WH007,PROD00089,2025-06-19,1575,298,133
INV00003464,WH007,PROD00105,2025-07-02,3963,120,184
INV00003465,WH007,PROD00222,2026-07-30,4017,311,90
INV00003466,WH007,PROD00272,2025-02-19,4416,478,25
INV00003467,WH007,PROD00232,2025-11-04,2376,99,61
INV00003468,WH007,PROD00373,2025-05-17,2880,24,185
INV00003469,WH007,PROD00065,2026-08-06,3356,473,173
INV00003470,WH007,PROD00312,2026-03-28,1467,414,167
INV00003471,WH007,PROD00482,2025-11-21,3107,36,125
INV00003472,WH007,PROD00363,2025-11-03,3396,158,72
INV00003473,WH007,PROD00048,2025-12-13,4198,111,27
INV00003474,WH007,PROD00436,2025-08-08,574,71,163
INV00003475,WH007,PROD00275,2026-07-24,259,450,194
INV00003476,WH007,PROD00059,2025-12-29,333,398,135
INV00003477,WH007,PROD00166,2026-06-26,4908,303,105
INV00003478,WH007,PROD00097,2025-02-21,3243,378,24
INV00003479,WH007,PROD00294,2025-11-07,3412,260,52
INV00003480,WH007,PROD00095,2025-03-19,4223,97,134
INV00003481,WH007,PROD00405,2026-02-21,913,230,151
INV00003482,WH007,PROD00181,2025-09-06,3360,307,22
INV00003483,WH007,PROD00292,2025-06-03,2955,259,13
INV00003484,WH007,PROD00410,2025-09-15,612,273,77
INV00003485,WH007,PROD00115,2026-02-16,4485,43,81
INV00003486,WH007,PROD00019,2025-04-13,522,24,63
INV00003487,WH007,PROD00402,2025-05-21,1507,116,76
INV00003488,WH007,PROD00450,2026-01-11,2294,143,86
INV00003489,WH007,PROD00075,2025-03-20,4097,405,129
INV00003490,WH007,PROD00188,2025-12-06,1440,357,102
INV00003491,WH007,PROD00201,2025-03-14,2101,26,138
INV00003492,WH007,PROD00380,2025-11-02,2605,384,57
INV00003493,WH007,PROD00090,2025-05-06,2668,256,188
INV00003494,WH007,PROD00367,2025-09-03,1727,22,33
INV00003495,WH007,PROD00317,2025-01-05,3815,85,46
INV00003496,WH007,PROD00158,2025-02-26,3627,470,110
INV00003497,WH007,PROD00261,2025-11-24,190,308,67
INV00003498,WH007,PROD00284,2026-02-15,3014,482,148
INV00003499,WH007,PROD00045,2025-08-09,543,348,110
INV00003500,WH007,PROD00203,2026-06-30,1301,324,63
INV00003501,WH008,PROD00089,2025-02-28,2000,146,133
INV00003502,WH008,PROD00050,2025-09-09,2513,125,165
INV00003503,WH008,PROD00407,2026-02-10,2109,49,132
INV00003504,WH008,PROD00033,2026-08-08,3505,492,70
INV00003505,WH008,PROD00491,2025-10-23,1849,183,24
INV00003506,WH008,PROD00013,2025-09-23,4794,290,177
INV00003507,WH008,PROD00374,2025-08-02,4575,90,73
INV00003508,WH008,PROD00254,2025-06-18,555,380,18
INV00003509,WH008,PROD00025,2025-10-14,4481,31,77
INV00003510,WH008,PROD00125,2025-08-27,2807,313,80
INV00003511,WH008,PROD00443,2026-03-26,2161,498,115
INV00003512,WH008,PROD00496,2025-01-21,1777,137,172
INV00003513,WH008,PROD00304,2025-02-16,3970,294,31
INV00003514,WH008,PROD00119,2026-03-11,4176,487,47
INV00003515,WH008,PROD00153,2025-02-06,4188,166,25
INV00003516,WH008,PROD00019,2026-05-03,629,13,63
INV00003517,WH008,PROD00122,2025-10-04,2445,216,102
INV00003518,WH008,PROD00238,2025-02-26,289,32,173
INV00003519,WH008,PROD00336,2026-04-04,1618,450,176
INV00003520,WH008,PROD00135,2026-05-13,2939,357,199
INV00003521,WH008,PROD00056,2025-10-27,4885,217,32
INV00003522,WH008,PROD00067,2026-06-29,1610,53,185
INV00003523,WH008,PROD00187,2026-01-15,2138,138,17
INV00003524,WH008,PROD00322,2026-07-30,284,173,127
INV00003525,WH008,PROD00132,2025-01-04,2286,296,81
INV00003526,WH008,PROD00232,2025-12-26,877,272,61
INV00003527,WH008,PROD00194,2026-08-10,558,215,189
INV00003528,WH008,PROD00268,2025-11-29,3089,348,62
INV00003529,WH008,PROD00024,2025-06-09,1697,292,174
INV00003530,WH008,PROD00016,2025-11-13,2834,247,95
INV00003531,WH008,PROD00460,2025-04-15,196,72,181
INV00003532,WH008,PROD00266,2025-12-19,2020,210,151
INV00003533,WH008,PROD00411,2025-02-24,510,417,181
INV00003534,WH008,PROD00128,2025-11-21,4858,339,49
INV00003535,WH008,PROD00402,2026-08-14,1373,202,76
INV00003536,WH008,PROD00217,2025-08-21,3775,440,166
INV00003537,WH008,PROD00425,2026-03-11,3694,119,44
INV00003538,WH008,PROD00201,2025-09-12,333,192,138
INV00003539,WH008,PROD00471,2026-03-19,2368,68,152
INV00003540,WH008,PROD00288,2025-01-18,3310,214,85
INV00003541,WH008,PROD00426,2026-04-10,1585,226,126
INV00003542,WH008,PROD00224,2025-04-27,0,23,106
INV00003543,WH008,PROD00064,2026-04-06,2495,14,146
INV00003544,WH008,PROD00264,2026-02-01,612,454,58
INV00003545,WH008,PROD00170,2025-04-04,1483,333,130
INV00003546,WH008,PROD00203,2025-05-23,2845,387,63
INV00003547,WH008,PROD00456,2025-07-04,2533,63,169
INV00003548,WH008,PROD00351,2025-05-23,4796,228,62
INV00003549,WH008,PROD00177,2025-04-14,4668,69,198
INV00003550,WH008,PROD00093,2026-04-28,1270,469,177
INV00003551,WH008,PROD00445,2026-01-13,4868,91,90
INV00003552,WH008,PROD00469,2026-06-02,2764,212,90
INV00003553,WH008,PROD00353,2026-05-12,4612,282,166
INV00003554,WH008,PROD00047,2026-04-19,89,43,117
INV00003555,WH008,PROD00291,2025-01-26,661,41,36
INV00003556,WH008,PROD00088,2026-02-02,652,302,82
INV00003557,WH008,PROD00060,2025-06-20,2057,1,187
INV00003558,WH008,PROD00354,2025-04-19,2273,372,137
INV00003559,WH008,PROD00017,2025-10-23,3029,216,38
INV00003560,WH008,PROD00080,2025-08-18,3835,247,179
INV00003561,WH008,PROD00397,2026-07-20,375,296,154
INV00003562,WH008,PROD00036,2025-06-24,351,250,22
INV00003563,WH008,PROD00286,2026-08-12,4047,159,162
INV00003564,WH008,PROD00123,2026-04-12,2941,129,178
INV00003565,WH008,PROD00384,2026-03-12,4337,387,109
INV00003566,WH008,PROD00452,2025-11-06,1150,76,67
INV00003567,WH008,PROD00054,2025-12-16,1180,226,127
INV00003568,WH008,PROD00432,2026-05-02,2607,117,191
INV00003569,WH008,PROD00237,2026-04-17,4249,200,57
INV00003570,WH008,PROD00302,2025-02-18,873,209,106
INV00003571,WH008,PROD00430,2026-08-01,4009,493,176
INV00003572,WH008,PROD00462,2025-01-25,3215,468,84
INV00003573,WH008,PROD00035,2026-04-21,3977,290,47
INV00003574,WH008,PROD00367,2026-07-08,783,363,33
INV00003575,WH008,PROD00269,2025-05-17,843,414,76
INV00003576,WH008,PROD00200,2026-07-31,4381,335,30
INV00003577,WH008,PROD00028,2026-05-07,4079,474,179
INV00003578,WH008,PROD00044,2026-08-14,1378,103,183
INV00003579,WH008,PROD00097,2026-07-03,1135,12,24
INV00003580,WH008,PROD00226,2025-12-11,1181,263,86
INV00003581,WH008,PROD00182,2026-01-31,2326,336,108
INV00003582,WH008,PROD00007,2026-01-29,1995,93,140
INV00003583,WH008,PROD00141,2026-08-04,3123,37,43
INV00003584,WH008,PROD00404,2025-01-05,2750,308,52
INV00003585,WH008,PROD00276,2025-04-29,828,395,55
INV00003586,WH008,PROD00306,2025-12-11,4195,4,142
INV00003587,WH008,PROD00126,2026-05-15,3136,413,189
INV00003588,WH008,PROD00403,2025-03-24,2194,109,33
INV00003589,WH008,PROD00429,2025-01-21,3872,11,22
INV00003590,WH008,PROD00098,2025-04-09,4527,22,56
INV00003591,WH008,PROD00116,2026-05-22,2706,458,185
INV00003592,WH008,PROD00257,2025-06-18,2234,259,163
INV00003593,WH008,PROD00277,2025-07-29,4943,317,100
INV00003594,WH008,PROD00368,2026-03-24,3085,312,31
INV00003595,WH008,PROD00030,2025-03-19,2388,402,167
INV00003596,WH008,PROD00261,2025-11-02,2511,380,67
INV00003597,WH008,PROD00051,2025-06-21,3394,251,106
INV00003598,WH008,PROD00149,2026-02-06,1501,474,154
INV00003599,WH008,PROD00065,2025-03-15,2453,435,173
INV00003600,WH008,PROD00383,2025-05-15,1371,262,107
INV00003601,WH008,PROD00373,2025-12-13,3206,396,185
INV00003602,WH008,PROD00057,2026-08-01,883,278,17
INV00003603,WH008,PROD00199,2025-05-30,139,55,87
INV00003604,WH008,PROD00075,2025-08-21,709,292,129
INV00003605,WH008,PROD00011,2025-10-22,2579,208,154
INV00003606,WH008,PROD00005,2025-01-29,390,431,152
INV00003607,WH008,PROD00235,2025-05-04,461,29,95
INV00003608,WH008,PROD00204,2026-08-02,357,358,87
INV00003609,WH008,PROD00342,2026-05-12,4418,339,12
INV00003610,WH008,PROD00205,2025-09-17,1093,237,116
INV00003611,WH008,PROD00114,2026-01-20,4267,254,188
INV00003612,WH008,PROD00475,2026-07-03,2779,25,115
INV00003613,WH008,PROD00211,2026-02-10,268,388,177
INV00003614,WH008,PROD00256,2025-07-28,2605,451,24
INV00003615,WH008,PROD00318,2025-02-19,2458,88,147
INV00003616,WH008,PROD00434,2026-03-13,1853,323,162
INV00003617,WH008,PROD00308,2025-01-03,4867,23,196
INV00003618,WH008,PROD00380,2025-11-28,4332,122,57
INV00003619,WH008,PROD00399,2025-08-12,4710,291,75
INV00003620,WH008,PROD00497,2025-12-26,4791,148,85
INV00003621,WH008,PROD00420,2025-07-22,637,217,46
INV00003622,WH008,PROD00059,2026-01-12,1088,407,135
INV00003623,WH008,PROD00363,2026-07-06,862,435,72
INV00003624,WH008,PROD00229,2025-07-07,3641,489,147
INV00003625,WH008,PROD00366,2025-02-19,2253,95,36
INV00003626,WH008,PROD00376,2025-07-27,3684,394,25
INV00003627,WH008,PROD00375,2025-11-27,2532,25,113
INV00003628,WH008,PROD00332,2025-07-07,0,114,197
INV00003629,WH008,PROD00038,2025-08-18,730,97,150
INV00003630,WH008,PROD00482,2025-06-13,3787,232,125
INV00003631,WH008,PROD00273,2026-07-24,613,227,191
INV00003632,WH008,PROD00168,2025-01-13,3526,484,16
INV00003633,WH008,PROD00372,2025-06-01,4878,277,101
INV00003634,WH008,PROD00040,2025-05-31,4220,269,91
INV00003635,WH008,PROD00260,2025-03-15,4695,234,116
INV00003636,WH008,PROD00198,2025-01-25,1854,175,42
INV00003637,WH008,PROD00241,2025-08-02,0,379,180
INV00003638,WH008,PROD00218,2026-06-02,4183,143,139
INV00003639,WH008,PROD00444,2026-03-31,3532,122,127
INV00003640,WH008,PROD00483,2025-05-22,2845,242,151
INV00003641,WH008,PROD00115,2025-02-20,3566,187,81
INV00003642,WH008,PROD00433,2025-05-17,4590,380,183
INV00003643,WH008,PROD00280,2026-07-11,2161,138,137
INV00003644,WH008,PROD00180,2025-07-31,1667,151,141
INV00003645,WH008,PROD00347,2025-10-25,4354,252,145
INV00003646,WH008,PROD00292,2025-08-19,2366,495,13
INV00003647,WH008,PROD00103,2026-08-06,1081,182,12
INV00003648,WH008,PROD00320,2026-03-15,784,400,139
INV00003649,WH008,PROD00085,2025-11-05,4063,251,40
INV00003650,WH008,PROD00090,2025-06-30,4275,74,188
INV00003651,WH008,PROD00454,2025-11-09,2106,400,177
INV00003652,WH008,PROD00074,2026-01-18,2153,98,28
INV00003653,WH008,PROD00258,2026-05-07,1467,50,86
INV00003654,WH008,PROD00212,2025-04-21,3101,316,196
INV00003655,WH008,PROD00472,2025-08-31,3485,287,29
INV00003656,WH008,PROD00208,2025-06-11,0,164,117
INV00003657,WH008,PROD00265,2026-05-27,2079,298,58
INV00003658,WH008,PROD00338,2026-04-06,436,69,177
INV00003659,WH008,PROD00453,2025-04-27,4441,429,19
INV00003660,WH008,PROD00101,2025-03-19,3643,34,118
INV00003661,WH008,PROD00392,2025-10-07,3164,92,144
INV00003662,WH008,PROD00289,2026-01-14,3226,440,109
INV00003663,WH008,PROD00314,2025-12-28,3523,165,127
INV00003664,WH008,PROD00282,2025-11-05,4174,278,149
INV00003665,WH008,PROD00063,2026-05-31,2469,260,144
INV00003666,WH008,PROD00084,2025-05-06,1077,157,89
INV00003667,WH008,PROD00248,2025-12-15,3455,130,111
INV00003668,WH008,PROD00479,2025-07-24,1618,76,172
INV00003669,WH008,PROD00104,2025-05-25,1006,89,165
INV00003670,WH008,PROD00446,2026-04-05,254,428,50
INV00003671,WH008,PROD00250,2026-04-10,43,69,174
INV00003672,WH008,PROD00470,2026-03-31,2090,293,142
INV00003673,WH008,PROD00279,2025-08-27,4667,280,113
INV00003674,WH008,PROD00410,2026-06-19,3656,322,77
INV00003675,WH008,PROD00214,2026-04-14,3082,18,169
INV00003676,WH008,PROD00408,2025-12-21,2097,380,39
INV00003677,WH008,PROD00327,2025-06-26,4322,241,147
INV00003678,WH008,PROD00369,2026-06-28,1206,103,121
INV00003679,WH008,PROD00176,2025-03-30,619,268,14
INV00003680,WH008,PROD00442,2025-04-20,2948,169,172
INV00003681,WH008,PROD00421,2026-01-04,2445,222,131
INV00003682,WH008,PROD00239,2026-03-01,2904,170,45
INV00003683,WH008,PROD00184,2026-03-26,4923,265,36
INV00003684,WH008,PROD00290,2025-04-20,4709,401,79
INV00003685,WH008,PROD00102,2026-06-06,1926,438,107
INV00003686,WH008,PROD00161,2025-08-17,2195,485,35
INV00003687,WH008,PROD00263,2025-10-05,1550,376,33
INV00003688,WH008,PROD00395,2025-01-21,2929,378,160
INV00003689,WH008,PROD00049,2026-06-08,948,105,131
INV00003690,WH008,PROD00192,2025-01-27,2064,268,44
INV00003691,WH008,PROD00391,2026-01-06,144,238,92
INV00003692,WH008,PROD00487,2025-12-06,2735,433,150
INV00003693,WH008,PROD00023,2026-03-18,200,324,178
INV00003694,WH008,PROD00387,2025-05-18,1237,381,54
INV00003695,WH008,PROD00062,2026-02-12,4721,91,90
INV00003696,WH008,PROD00096,2026-07-07,2595,77,33
INV00003697,WH008,PROD00365,2025-10-09,3972,232,187
INV00003698,WH008,PROD00422,2025-07-13,4996,154,135
INV00003699,WH008,PROD00451,2025-04-24,2095,461,97
INV00003700,WH008,PROD00094,2025-02-04,2642,34,176
INV00003701,WH008,PROD00193,2025-04-09,1696,431,91
INV00003702,WH008,PROD00055,2025-06-10,2465,147,147
INV00003703,WH008,PROD00160,2026-02-15,4265,198,97
INV00003704,WH008,PROD00303,2026-04-26,4533,203,187
INV00003705,WH008,PROD00136,2026-03-02,3693,144,89
INV00003706,WH008,PROD00271,2025-06-23,181,449,197
INV00003707,WH008,PROD00159,2025-07-19,2332,318,181
INV00003708,WH008,PROD00398,2025-07-11,1073,88,52
INV00003709,WH008,PROD00364,2026-03-01,4758,293,149
INV00003710,WH008,PROD00020,2026-06-05,626,468,49
INV00003711,WH008,PROD00356,2025-09-14,4104,182,157
INV00003712,WH008,PROD00401,2025-03-01,745,364,185
INV00003713,WH008,PROD00078,2026-05-17,2380,402,123
INV00003714,WH008,PROD00231,2025-12-13,352,195,45
INV00003715,WH008,PROD00185,2025-09-19,1041,41,123
INV00003716,WH008,PROD00311,2026-01-22,4763,326,128
INV00003717,WH008,PROD00151,2025-05-06,3854,421,83
INV00003718,WH008,PROD00494,2025-05-31,4771,262,180
INV00003719,WH008,PROD00305,2026-04-08,1498,237,183
INV00003720,WH008,PROD00317,2026-07-10,1114,162,46
INV00003721,WH008,PROD00359,2025-02-21,2872,331,19
INV00003722,WH008,PROD00478,2025-10-13,2322,7,103
INV00003723,WH008,PROD00465,2026-06-18,4354,494,108
INV00003724,WH008,PROD00297,2026-01-06,334,218,176
INV00003725,WH008,PROD00148,2025-11-18,1892,123,177
INV00003726,WH008,PROD00196,2026-03-01,2425,327,32
INV00003727,WH008,PROD00246,2025-04-05,4360,141,184
INV00003728,WH008,PROD00207,2025-10-08,2138,53,78
INV00003729,WH008,PROD00474,2025-03-05,4881,471,137
INV00003730,WH008,PROD00092,2025-07-12,1777,407,94
INV00003731,WH008,PROD00321,2025-03-13,3563,273,154
INV00003732,WH008,PROD00262,2025-02-01,719,319,44
INV00003733,WH008,PROD00417,2025-12-21,829,373,80
INV00003734,WH008,PROD00439,2025-03-31,4954,298,53
INV00003735,WH008,PROD00167,2025-01-19,931,414,141
INV00003736,WH008,PROD00012,2026-04-27,1466,378,72
INV00003737,WH008,PROD00272,2026-07-13,583,409,25
INV00003738,WH008,PROD00484,2026-08-01,641,191,54
INV00003739,WH008,PROD00053,2025-08-01,1335,338,175
INV00003740,WH008,PROD00295,2025-04-20,2138,330,73
INV00003741,WH008,PROD00129,2025-10-05,4732,442,105
INV00003742,WH008,PROD00473,2025-05-23,1669,170,174
INV00003743,WH008,PROD00108,2025-01-09,4983,89,96
INV00003744,WH008,PROD00105,2026-08-12,1547,127,184
INV00003745,WH008,PROD00409,2025-09-27,12,114,109
INV00003746,WH008,PROD00495,2025-12-17,1498,282,151
INV00003747,WH008,PROD00400,2026-03-22,3369,72,136
INV00003748,WH008,PROD00220,2025-05-03,3223,477,68
INV00003749,WH008,PROD00370,2025-02-12,947,493,198
INV00003750,WH008,PROD00349,2026-06-03,2095,35,25
INV00003751,WH008,PROD00009,2025-08-17,19,440,143
INV00003752,WH008,PROD00236,2026-04-22,188,390,129
INV00003753,WH008,PROD00001,2026-02-05,1871,342,58
INV00003754,WH008,PROD00175,2026-01-10,1393,132,139
INV00003755,WH008,PROD00488,2025-05-01,0,151,182
INV00003756,WH008,PROD00259,2025-04-10,4073,311,119
INV00003757,WH008,PROD00106,2025-03-30,4557,66,43
INV00003758,WH008,PROD00045,2026-06-27,2161,13,110
INV00003759,WH008,PROD00091,2025-10-08,1114,217,131
INV00003760,WH008,PROD00242,2026-06-18,3617,113,186
INV00003761,WH008,PROD00362,2025-12-16,4496,246,151
INV00003762,WH008,PROD00500,2025-07-03,2590,192,167
INV00003763,WH008,PROD00315,2025-09-06,1621,35,110
INV00003764,WH008,PROD00247,2025-12-15,1127,217,141
INV00003765,WH008,PROD00490,2026-07-07,1425,422,146
INV00003766,WH008,PROD00485,2026-02-15,2297,7,108
INV00003767,WH008,PROD00413,2025-05-05,737,336,192
INV00003768,WH008,PROD00041,2026-07-13,2805,71,116
INV00003769,WH008,PROD00124,2025-07-06,1052,494,37
INV00003770,WH008,PROD00137,2026-07-03,1785,489,22
INV00003771,WH008,PROD00068,2025-09-11,663,236,40
INV00003772,WH008,PROD00436,2025-06-13,2449,27,163
INV00003773,WH008,PROD00029,2025-02-02,1586,123,151
INV00003774,WH008,PROD00350,2025-05-02,4011,32,112
INV00003775,WH008,PROD00008,2026-01-27,1471,434,155
INV00003776,WH008,PROD00233,2025-07-01,2750,179,69
INV00003777,WH008,PROD00337,2025-05-20,1755,261,176
INV00003778,WH008,PROD00457,2025-09-27,1013,204,37
INV00003779,WH008,PROD00345,2025-01-11,4065,193,151
INV00003780,WH008,PROD00181,2025-07-11,2695,175,22
INV00003781,WH008,PROD00046,2025-07-03,3885,263,93
INV00003782,WH008,PROD00219,2025-05-29,1851,198,116
INV00003783,WH008,PROD00412,2026-08-07,3802,201,109
INV00003784,WH008,PROD00111,2026-08-02,435,57,130
INV00003785,WH008,PROD00006,2025-10-19,579,344,25
INV00003786,WH008,PROD00437,2026-05-30,2619,424,117
INV00003787,WH008,PROD00139,2025-05-24,382,83,180
INV00003788,WH008,PROD00333,2025-03-24,199,427,119
INV00003789,WH008,PROD00281,2025-08-20,3740,358,68
INV00003790,WH008,PROD00107,2026-06-15,338,488,103
INV00003791,WH008,PROD00435,2026-02-06,1150,281,80
INV00003792,WH008,PROD00415,2025-09-28,636,63,42
INV00003793,WH008,PROD00052,2025-04-28,4525,457,87
INV00003794,WH008,PROD00329,2026-02-20,903,228,43
INV00003795,WH008,PROD00206,2025-11-03,2225,31,98
INV00003796,WH008,PROD00468,2025-03-28,2188,88,43
INV00003797,WH008,PROD00110,2025-05-27,4644,39,182
INV00003798,WH008,PROD00166,2025-07-04,1102,189,105
INV00003799,WH008,PROD00406,2025-03-14,4955,494,135
INV00003800,WH008,PROD00034,2025-05-21,4655,250,28
INV00003801,WH008,PROD00394,2025-04-24,570,220,176
INV00003802,WH008,PROD00249,2026-03-21,4143,344,148
INV00003803,WH008,PROD00140,2026-03-19,2907,82,64
INV00003804,WH008,PROD00227,2025-09-15,4690,222,41
INV00003805,WH008,PROD00087,2025-07-24,4019,83,44
INV00003806,WH008,PROD00323,2025-11-07,4659,227,103
INV00003807,WH008,PROD00270,2025-10-03,4618,333,137
INV00003808,WH008,PROD00004,2025-06-25,398,300,10
INV00003809,WH008,PROD00127,2025-01-09,1956,136,126
INV00003810,WH008,PROD00138,2026-07-14,2265,21,65
INV00003811,WH008,PROD00343,2025-04-27,4113,383,167
INV00003812,WH008,PROD00459,2025-12-09,2671,482,133
INV00003813,WH008,PROD00341,2025-12-24,1976,257,86
INV00003814,WH008,PROD00309,2025-03-14,2619,242,131
INV00003815,WH008,PROD00100,2025-10-20,0,325,129
INV00003816,WH008,PROD00039,2025-11-05,4131,347,143
INV00003817,WH008,PROD00156,2025-07-03,2288,228,34
INV00003818,WH008,PROD00154,2026-07-15,3480,444,73
INV00003819,WH008,PROD00117,2026-02-01,118,191,126
INV00003820,WH008,PROD00419,2025-08-01,3484,339,115
INV00003821,WH008,PROD00378,2025-09-11,1834,149,42
INV00003822,WH008,PROD00296,2025-11-25,2943,106,111
INV00003823,WH008,PROD00489,2025-04-03,260,75,100
INV00003824,WH008,PROD00319,2025-04-05,4650,427,168
INV00003825,WH008,PROD00307,2025-09-04,4570,161,48
INV00003826,WH008,PROD00293,2025-02-08,3352,484,72
INV00003827,WH008,PROD00021,2026-07-24,1934,87,115
INV00003828,WH008,PROD00467,2026-02-19,2128,57,107
INV00003829,WH008,PROD00082,2025-12-17,399,199,137
INV00003830,WH008,PROD00358,2026-04-11,1678,170,21
INV00003831,WH008,PROD00424,2025-09-17,1912,344,142
INV00003832,WH008,PROD00381,2025-07-11,502,208,175
INV00003833,WH008,PROD00174,2025-03-04,2316,107,57
INV00003834,WH008,PROD00312,2025-06-03,2154,155,167
INV00003835,WH008,PROD00027,2026-07-09,3655,66,147
INV00003836,WH008,PROD00334,2025-05-08,83,470,154
INV00003837,WH008,PROD00018,2026-02-16,4455,330,42
INV00003838,WH008,PROD00335,2026-04-14,889,311,50
INV00003839,WH008,PROD00073,2025-10-31,493,289,60
INV00003840,WH008,PROD00195,2025-06-10,4032,489,136
INV00003841,WH008,PROD00190,2025-02-08,4477,404,16
INV00003842,WH008,PROD00313,2026-01-30,4079,319,190
INV00003843,WH008,PROD00352,2025-06-21,2558,287,26
INV00003844,WH008,PROD00355,2025-10-05,870,185,78
INV00003845,WH008,PROD00221,2025-10-02,4898,217,107
INV00003846,WH008,PROD00069,2026-03-10,4935,116,123
INV00003847,WH008,PROD00466,2025-11-10,2198,121,50
INV00003848,WH008,PROD00086,2025-11-22,3806,262,72
INV00003849,WH008,PROD00405,2026-01-12,2178,262,151
INV00003850,WH008,PROD00191,2025-10-16,818,193,190
INV00003851,WH008,PROD00178,2025-09-04,3425,266,185
INV00003852,WH008,PROD00072,2026-01-15,360,2,190
INV00003853,WH008,PROD00251,2025-10-19,2243,0,184
INV00003854,WH008,PROD00418,2026-06-28,945,18,47
INV00003855,WH008,PROD00371,2025-09-10,2114,311,159
INV00003856,WH008,PROD00234,2026-02-25,2563,217,111
INV00003857,WH008,PROD00492,2025-04-10,667,106,186
INV00003858,WH008,PROD00066,2026-06-26,3234,424,23
INV00003859,WH008,PROD00186,2025-06-28,3802,46,80
INV00003860,WH008,PROD00486,2025-11-04,4054,32,44
INV00003861,WH008,PROD00283,2025-07-16,1456,149,192
INV00003862,WH008,PROD00183,2025-11-19,1659,175,31
INV00003863,WH008,PROD00071,2026-03-24,1504,63,50
INV00003864,WH008,PROD00145,2025-11-05,2737,248,144
INV00003865,WH008,PROD00328,2025-01-24,1240,411,183
INV00003866,WH008,PROD00438,2025-11-25,4891,143,192
INV00003867,WH008,PROD00142,2025-03-30,602,355,199
INV00003868,WH008,PROD00316,2025-09-19,4132,405,86
INV00003869,WH008,PROD00146,2026-07-14,2719,127,140
INV00003870,WH008,PROD00388,2025-06-04,4148,352,17
INV00003871,WH008,PROD00267,2026-08-09,3143,204,141
INV00003872,WH008,PROD00189,2026-05-14,2853,133,29
INV00003873,WH008,PROD00284,2025-04-23,3840,66,148
INV00003874,WH008,PROD00079,2025-08-26,2134,230,114
INV00003875,WH008,PROD00150,2026-06-12,4348,424,80
INV00003876,WH008,PROD00252,2026-03-23,2122,493,67
INV00003877,WH008,PROD00157,2025-03-24,715,442,95
INV00003878,WH008,PROD00070,2026-05-26,4157,393,35
INV00003879,WH008,PROD00393,2025-08-16,189,424,87
INV00003880,WH008,PROD00301,2025-07-18,323,5,114
INV00003881,WH008,PROD00121,2026-06-26,4642,188,77
INV00003882,WH008,PROD00099,2026-04-28,142,310,159
INV00003883,WH008,PROD00173,2025-01-14,697,195,141
INV00003884,WH008,PROD00476,2026-07-06,1957,224,173
INV00003885,WH008,PROD00493,2026-03-07,2240,159,182
INV00003886,WH008,PROD00339,2026-02-12,3493,4,184
INV00003887,WH008,PROD00326,2026-04-29,543,211,52
INV00003888,WH008,PROD00037,2025-07-14,3120,333,162
INV00003889,WH008,PROD00480,2025-04-22,451,113,193
INV00003890,WH008,PROD00423,2025-09-23,2670,199,78
INV00003891,WH008,PROD00464,2026-03-19,4648,142,197
INV00003892,WH008,PROD00414,2025-06-06,4373,181,47
INV00003893,WH008,PROD00134,2025-01-09,2910,461,96
INV00003894,WH008,PROD00083,2026-06-10,1254,220,188
INV00003895,WH008,PROD00042,2025-03-17,3248,57,159
INV00003896,WH008,PROD00169,2025-06-05,683,4,17
INV00003897,WH008,PROD00171,2025-05-15,2284,251,48
INV00003898,WH008,PROD00172,2026-02-28,3551,257,169
INV00003899,WH008,PROD00120,2026-07-11,3521,489,16
INV00003900,WH008,PROD00152,2025-09-05,4830,98,199
INV00003901,WH008,PROD00346,2026-04-27,3689,228,85
INV00003902,WH008,PROD00163,2025-12-19,409,448,166
INV00003903,WH008,PROD00357,2026-07-03,2348,444,50
INV00003904,WH008,PROD00255,2026-02-03,989,124,163
INV00003905,WH008,PROD00112,2025-05-30,3379,467,128
INV00003906,WH008,PROD00245,2026-05-20,3036,406,150
INV00003907,WH008,PROD00223,2025-05-06,673,126,130
INV00003908,WH008,PROD00061,2025-05-21,2920,294,200
INV00003909,WH008,PROD00379,2026-04-25,1024,459,120
INV00003910,WH008,PROD00447,2025-03-10,4979,407,132
INV00003911,WH008,PROD00048,2025-03-29,4630,378,27
INV00003912,WH008,PROD00361,2026-05-27,2369,85,21
INV00003913,WH008,PROD00197,2025-02-26,1042,454,114
INV00003914,WH008,PROD00213,2025-03-16,387,334,151
INV00003915,WH008,PROD00010,2025-10-14,1090,193,181
INV00003916,WH008,PROD00275,2025-12-01,2932,298,194
INV00003917,WH008,PROD00428,2025-07-28,1034,164,99
INV00003918,WH008,PROD00324,2025-08-30,1513,179,73
INV00003919,WH008,PROD00210,2025-11-20,4482,199,71
INV00003920,WH008,PROD00463,2025-09-13,4083,379,12
INV00003921,WH008,PROD00294,2025-12-06,3812,179,52
INV00003922,WH008,PROD00278,2025-10-06,3503,382,188
INV00003923,WH008,PROD00022,2025-04-12,4591,389,66
INV00003924,WH008,PROD00330,2026-05-13,409,371,46
INV00003925,WH008,PROD00228,2025-08-07,604,342,192
INV00003926,WH008,PROD00455,2026-05-31,2150,10,189
INV00003927,WH008,PROD00188,2026-07-17,3530,224,102
INV00003928,WH008,PROD00448,2026-03-21,3856,175,145
INV00003929,WH008,PROD00253,2026-04-29,3302,410,68
INV00003930,WH008,PROD00431,2025-01-22,4584,496,43
INV00003931,WH008,PROD00131,2025-09-19,2062,467,139
INV00003932,WH008,PROD00165,2025-12-10,3187,302,117
INV00003933,WH008,PROD00043,2025-11-28,918,233,117
INV00003934,WH008,PROD00144,2025-01-08,2587,184,168
INV00003935,WH008,PROD00461,2025-01-22,1206,367,75
INV00003936,WH008,PROD00014,2026-02-01,2181,126,37
INV00003937,WH008,PROD00416,2026-03-26,1267,170,162
INV00003938,WH008,PROD00377,2026-04-18,909,379,31
INV00003939,WH008,PROD00396,2025-12-03,2479,379,189
INV00003940,WH008,PROD00441,2025-05-13,3100,24,94
INV00003941,WH008,PROD00155,2025-01-14,4592,341,109
INV00003942,WH008,PROD00002,2025-04-21,2031,289,150
INV00003943,WH008,PROD00162,2025-01-25,250,238,187
INV00003944,WH008,PROD00026,2025-07-27,1430,457,140
INV00003945,WH008,PROD00230,2025-08-30,4013,319,22
INV00003946,WH008,PROD00215,2025-06-26,844,500,103
INV00003947,WH008,PROD00390,2025-10-10,3383,481,10
INV00003948,WH008,PROD00158,2026-06-10,3668,292,110
INV00003949,WH008,PROD00481,2026-06-12,1813,91,58
INV00003950,WH008,PROD00109,2025-05-15,14,497,111
INV00003951,WH008,PROD00298,2025-12-03,1201,94,111
INV00003952,WH008,PROD00118,2025-02-03,472,496,42
INV00003953,WH008,PROD00450,2025-04-22,1930,126,86
INV00003954,WH008,PROD00222,2025-10-22,4924,443,90
INV00003955,WH008,PROD00449,2025-12-23,4885,333,89
INV00003956,WH008,PROD00179,2025-08-27,270,27,19
INV00003957,WH008,PROD00440,2025-06-22,3628,415,56
INV00003958,WH008,PROD00143,2026-03-23,114,163,156
INV00003959,WH008,PROD00031,2025-07-29,3182,194,158
INV00003960,WH008,PROD00077,2025-09-29,91,488,157
INV00003961,WH008,PROD00348,2025-07-05,3007,99,149
INV00003962,WH008,PROD00360,2026-04-12,1405,374,29
INV00003963,WH008,PROD00385,2026-05-21,1355,321,130
INV00003964,WH008,PROD00095,2026-03-21,1135,371,134
INV00003965,WH008,PROD00344,2025-08-02,4861,230,108
INV00003966,WH008,PROD00164,2025-05-25,4638,468,59
INV00003967,WH008,PROD00015,2025-08-03,2718,371,77
INV00003968,WH008,PROD00325,2025-12-04,1264,283,40
INV00003969,WH008,PROD00209,2026-03-29,3487,164,137
INV00003970,WH008,PROD00310,2025-06-22,3741,319,97
INV00003971,WH008,PROD00240,2025-03-22,2589,212,94
INV00003972,WH008,PROD00058,2025-05-15,3151,136,162
INV00003973,WH008,PROD00477,2026-06-26,4186,467,23
INV00003974,WH008,PROD00133,2025-01-18,4782,125,152
INV00003975,WH008,PROD00287,2025-08-30,1690,292,101
INV00003976,WH008,PROD00130,2025-08-09,3829,332,115
INV00003977,WH008,PROD00458,2025-03-07,4983,81,101
INV00003978,WH008,PROD00427,2026-02-18,206,205,41
INV00003979,WH008,PROD00225,2026-08-09,1886,287,194
INV00003980,WH008,PROD00243,2026-08-14,4419,8,126
INV00003981,WH008,PROD00331,2025-10-13,680,239,141
INV00003982,WH008,PROD00299,2025-01-08,4362,140,110
INV00003983,WH008,PROD00244,2026-03-12,3516,469,73
INV00003984,WH008,PROD00499,2026-02-27,868,368,129
INV00003985,WH008,PROD00274,2025-02-20,1721,297,167
INV00003986,WH008,PROD00498,2025-07-30,2720,410,20
INV00003987,WH008,PROD00300,2026-04-14,845,470,150
INV00003988,WH008,PROD00389,2025-11-05,2232,256,54
INV00003989,WH008,PROD00076,2025-12-12,1346,120,120
INV00003990,WH008,PROD00202,2026-04-09,4429,106,96
INV00003991,WH008,PROD00003,2025-08-16,2211,217,52
INV00003992,WH008,PROD00382,2025-02-04,665,379,45
INV00003993,WH008,PROD00113,2025-05-01,3165,52,39
INV00003994,WH008,PROD00081,2025-07-29,1029,30,113
INV00003995,WH008,PROD00032,2025-05-03,2924,63,198
INV00003996,WH008,PROD00216,2025-10-25,1033,195,192
INV00003997,WH008,PROD00386,2025-07-01,3425,130,146
INV00003998,WH008,PROD00340,2025-03-10,4881,348,132
INV00003999,WH008,PROD00147,2025-04-11,456,51,175
INV00004000,WH008,PROD00285,2025-12-10,617,194,98
INV00004001,WH009,PROD00381,2026-05-19,2543,178,175
INV00004002,WH009,PROD00258,2025-10-03,61,397,86
INV00004003,WH009,PROD00378,2025-04-20,457,154,42
INV00004004,WH009,PROD00329,2025-01-23,2870,289,43
INV00004005,WH009,PROD00386,2026-05-29,957,326,146
INV00004006,WH009,PROD00241,2026-01-19,1196,178,180
INV00004007,WH009,PROD00062,2025-11-26,4285,433,90
INV00004008,WH009,PROD00089,2026-02-09,1565,15,133
INV00004009,WH009,PROD00225,2025-11-22,36,254,194
INV00004010,WH009,PROD00382,2025-07-31,928,319,45
INV00004011,WH009,PROD00412,2025-11-14,227,325,109
INV00004012,WH009,PROD00309,2026-04-14,1942,440,131
INV00004013,WH009,PROD00022,2025-08-28,1365,199,66
INV00004014,WH009,PROD00424,2025-05-07,4511,71,142
INV00004015,WH009,PROD00233,2026-05-04,3962,366,69
INV00004016,WH009,PROD00325,2025-01-04,2297,87,40
INV00004017,WH009,PROD00141,2025-09-15,4779,106,43
INV00004018,WH009,PROD00220,2026-07-04,2313,341,68
INV00004019,WH009,PROD00486,2025-10-03,2530,255,44
INV00004020,WH009,PROD00451,2026-02-01,176,180,97
INV00004021,WH009,PROD00172,2026-05-24,3377,43,169
INV00004022,WH009,PROD00166,2026-01-10,1879,466,105
INV00004023,WH009,PROD00033,2025-08-30,1697,19,70
INV00004024,WH009,PROD00018,2025-08-02,4276,39,42
INV00004025,WH009,PROD00421,2026-03-21,1428,130,131
INV00004026,WH009,PROD00088,2026-04-24,263,307,82
INV00004027,WH009,PROD00245,2025-01-01,4903,281,150
INV00004028,WH009,PROD00027,2025-05-30,3201,433,147
INV00004029,WH009,PROD00191,2026-02-14,4349,487,190
INV00004030,WH009,PROD00426,2026-07-03,3392,196,126
INV00004031,WH009,PROD00498,2026-02-03,2190,443,20
INV00004032,WH009,PROD00413,2025-01-14,4046,450,192
INV00004033,WH009,PROD00321,2025-08-01,868,487,154
INV00004034,WH009,PROD00418,2026-04-12,2151,437,47
INV00004035,WH009,PROD00145,2025-03-17,2640,75,144
INV00004036,WH009,PROD00313,2025-01-03,4057,128,190
INV00004037,WH009,PROD00454,2025-08-17,1568,382,177
INV00004038,WH009,PROD00019,2026-02-02,3812,335,63
INV00004039,WH009,PROD00396,2026-03-19,66,252,189
INV00004040,WH009,PROD00467,2025-06-08,2675,451,107
INV00004041,WH009,PROD00036,2026-04-03,3227,383,22
INV00004042,WH009,PROD00493,2025-10-29,107,191,182
INV00004043,WH009,PROD00237,2025-03-04,404,361,57
INV00004044,WH009,PROD00083,2025-12-28,2556,166,188
INV00004045,WH009,PROD00437,2025-01-16,4371,337,117
INV00004046,WH009,PROD00152,2025-04-05,4345,160,199
INV00004047,WH009,PROD00045,2026-04-14,2191,86,110
INV00004048,WH009,PROD00327,2026-03-12,827,388,147
INV00004049,WH009,PROD00116,2025-11-08,578,161,185
INV00004050,WH009,PROD00129,2025-09-15,777,111,105
INV00004051,WH009,PROD00470,2025-07-22,658,375,142
INV00004052,WH009,PROD00288,2025-08-18,1943,43,85
INV00004053,WH009,PROD00266,2026-07-27,1686,486,151
INV00004054,WH009,PROD00361,2025-01-28,230,232,21
INV00004055,WH009,PROD00316,2026-05-07,1912,302,86
INV00004056,WH009,PROD00251,2025-03-12,331,26,184
INV00004057,WH009,PROD00178,2026-04-25,0,467,185
INV00004058,WH009,PROD00050,2026-04-17,2690,105,165
INV00004059,WH009,PROD00445,2025-06-01,3428,209,90
INV00004060,WH009,PROD00231,2025-01-18,823,236,45
INV00004061,WH009,PROD00374,2025-10-03,4598,423,73
INV00004062,WH009,PROD00065,2026-01-22,2155,219,173
INV00004063,WH009,PROD00111,2025-07-15,3018,90,130
INV00004064,WH009,PROD00453,2026-01-24,1584,209,19
INV00004065,WH009,PROD00048,2025-05-11,4801,209,27
INV00004066,WH009,PROD00096,2025-06-14,337,476,33
INV00004067,WH009,PROD00155,2026-01-13,3627,245,109
INV00004068,WH009,PROD00063,2025-08-19,2710,86,144
INV00004069,WH009,PROD00298,2025-07-29,2051,24,111
INV00004070,WH009,PROD00218,2025-11-02,1273,366,139
INV00004071,WH009,PROD00429,2025-10-04,2927,130,22
INV00004072,WH009,PROD00296,2026-05-03,3452,227,111
INV00004073,WH009,PROD00456,2026-08-02,2627,62,169
INV00004074,WH009,PROD00328,2026-01-09,4549,98,183
INV00004075,WH009,PROD00317,2026-08-03,2719,1,46
INV00004076,WH009,PROD00430,2025-09-13,2371,117,176
INV00004077,WH009,PROD00216,2026-06-22,1485,249,192
INV00004078,WH009,PROD00292,2025-07-26,2473,240,13
INV00004079,WH009,PROD00158,2026-02-10,1626,443,110
INV00004080,WH009,PROD00206,2026-07-08,3650,159,98
INV00004081,WH009,PROD00364,2026-08-09,4552,408,149
INV00004082,WH009,PROD00452,2026-03-24,1183,210,67
INV00004083,WH009,PROD00402,2025-09-26,2164,282,76
INV00004084,WH009,PROD00480,2026-05-23,1282,100,193
INV00004085,WH009,PROD00175,2025-08-03,3704,297,139
INV00004086,WH009,PROD00385,2025-07-07,2317,114,130
INV00004087,WH009,PROD00066,2025-12-04,1717,109,23
INV00004088,WH009,PROD00277,2025-04-17,4071,349,100
INV00004089,WH009,PROD00466,2025-08-24,4154,107,50
INV00004090,WH009,PROD00095,2025-07-05,2155,235,134
INV00004091,WH009,PROD00208,2026-03-13,3471,45,117
INV00004092,WH009,PROD00369,2026-01-27,4453,179,121
INV00004093,WH009,PROD00490,2026-06-28,3830,321,146
INV00004094,WH009,PROD00182,2026-03-18,1149,339,108
INV00004095,WH009,PROD00044,2026-07-14,3995,142,183
INV00004096,WH009,PROD00168,2026-01-26,2317,493,16
INV00004097,WH009,PROD00346,2026-03-17,911,247,85
INV00004098,WH009,PROD00120,2026-06-28,2575,272,16
INV00004099,WH009,PROD00010,2025-09-14,1447,371,181
INV00004100,WH009,PROD00365,2026-01-31,3377,55,187
INV00004101,WH009,PROD00375,2025-04-21,616,378,113
INV00004102,WH009,PROD00264,2026-04-13,3630,457,58
INV00004103,WH009,PROD00484,2025-11-21,3774,319,54
INV00004104,WH009,PROD00243,2026-01-05,2227,336,126
INV00004105,WH009,PROD00080,2026-01-09,425,288,179
INV00004106,WH009,PROD00261,2026-07-29,1611,140,67
INV00004107,WH009,PROD00345,2025-01-15,2288,142,151
INV00004108,WH009,PROD00363,2025-05-31,1348,196,72
INV00004109,WH009,PROD00052,2025-01-31,901,195,87
INV00004110,WH009,PROD00311,2025-08-12,3228,234,128
INV00004111,WH009,PROD00109,2026-04-11,4814,377,111
INV00004112,WH009,PROD00489,2026-01-14,420,164,100
INV00004113,WH009,PROD00472,2025-01-01,1118,179,29
INV00004114,WH009,PROD00016,2025-06-30,4469,298,95
INV00004115,WH009,PROD00123,2025-03-24,313,146,178
INV00004116,WH009,PROD00281,2025-11-07,3374,209,68
INV00004117,WH009,PROD00460,2025-02-27,332,331,181
INV00004118,WH009,PROD00306,2025-09-08,4922,83,142
INV00004119,WH009,PROD00118,2025-06-10,4820,352,42
INV00004120,WH009,PROD00397,2026-05-07,2380,438,154
INV00004121,WH009,PROD00335,2025-07-06,3755,103,50
INV00004122,WH009,PROD00159,2025-02-15,4592,192,181
INV00004123,WH009,PROD00135,2025-07-28,433,307,199
INV00004124,WH009,PROD00394,2026-07-25,920,160,176
INV00004125,WH009,PROD00442,2026-03-16,1557,173,172
INV00004126,WH009,PROD00349,2026-03-13,4837,204,25
INV00004127,WH009,PROD00278,2025-10-21,2416,411,188
INV00004128,WH009,PROD00091,2026-05-17,2210,235,131
INV00004129,WH009,PROD00372,2025-06-22,3536,315,101
INV00004130,WH009,PROD00023,2026-03-27,2949,439,178
INV00004131,WH009,PROD00228,2025-07-20,4166,170,192
INV00004132,WH009,PROD00226,2026-03-12,2884,53,86
INV00004133,WH009,PROD00488,2025-09-18,2636,269,182
INV00004134,WH009,PROD00476,2025-03-14,3223,433,173
INV00004135,WH009,PROD00039,2025-09-18,487,49,143
INV00004136,WH009,PROD00353,2026-02-24,448,86,166
INV00004137,WH009,PROD00267,2026-02-25,1049,154,141
INV00004138,WH009,PROD00031,2025-08-10,3657,27,158
INV00004139,WH009,PROD00419,2025-11-16,3280,190,115
INV00004140,WH009,PROD00492,2026-03-02,1244,314,186
INV00004141,WH009,PROD00334,2025-10-15,1817,260,154
INV00004142,WH009,PROD00056,2026-06-29,4949,482,32
INV00004143,WH009,PROD00082,2025-09-26,1713,79,137
INV00004144,WH009,PROD00260,2025-09-24,290,323,116
INV00004145,WH009,PROD00473,2025-10-03,4177,335,174
INV00004146,WH009,PROD00034,2025-04-05,4114,67,28
INV00004147,WH009,PROD00067,2026-02-19,3263,294,185
INV00004148,WH009,PROD00227,2026-05-07,3596,371,41
INV00004149,WH009,PROD00308,2026-06-23,2709,245,196
INV00004150,WH009,PROD00234,2025-07-25,115,493,111
INV00004151,WH009,PROD00324,2026-05-16,1045,229,73
INV00004152,WH009,PROD00026,2025-06-29,21,86,140
INV00004153,WH009,PROD00474,2025-12-05,442,376,137
INV00004154,WH009,PROD00038,2025-01-03,2615,59,150
INV00004155,WH009,PROD00434,2025-05-24,2618,127,162
INV00004156,WH009,PROD00221,2026-07-27,128,363,107
INV00004157,WH009,PROD00086,2025-07-10,2244,218,72
INV00004158,WH009,PROD00401,2025-08-01,4378,204,185
INV00004159,WH009,PROD00154,2026-01-28,1638,60,73
INV00004160,WH009,PROD00236,2025-04-07,376,365,129
INV00004161,WH009,PROD00133,2025-12-15,2617,243,152
INV00004162,WH009,PROD00383,2025-09-06,1466,448,107
INV00004163,WH009,PROD00455,2025-07-28,4540,335,189
INV00004164,WH009,PROD00250,2025-03-25,1908,25,174
INV00004165,WH009,PROD00144,2025-12-14,450,82,168
INV00004166,WH009,PROD00167,2025-01-27,3802,333,141
INV00004167,WH009,PROD00293,2025-07-30,3655,288,72
INV00004168,WH009,PROD00138,2026-03-05,2994,16,65
INV00004169,WH009,PROD00348,2025-10-28,3641,326,149
INV00004170,WH009,PROD00464,2025-03-19,2717,229,197
INV00004171,WH009,PROD00210,2026-07-15,144,340,71
INV00004172,WH009,PROD00482,2026-02-11,2063,436,125
INV00004173,WH009,PROD00199,2025-11-11,127,358,87
INV00004174,WH009,PROD00140,2026-08-04,3393,255,64
INV00004175,WH009,PROD00212,2025-01-22,1909,248,196
INV00004176,WH009,PROD00004,2026-08-12,1732,114,10
INV00004177,WH009,PROD00203,2026-05-07,1604,26,63
INV00004178,WH009,PROD00285,2025-02-27,2465,49,98
INV00004179,WH009,PROD00312,2026-01-16,1511,317,167
INV00004180,WH009,PROD00247,2025-05-26,1303,9,141
INV00004181,WH009,PROD00279,2026-02-21,1060,99,113
INV00004182,WH009,PROD00268,2025-04-03,766,134,62
INV00004183,WH009,PROD00072,2026-04-18,1117,85,190
INV00004184,WH009,PROD00117,2026-02-27,4873,327,126
INV00004185,WH009,PROD00436,2026-04-29,324,36,163
INV00004186,WH009,PROD00183,2025-06-06,4916,79,31
INV00004187,WH009,PROD00272,2026-07-20,967,442,25
INV00004188,WH009,PROD00107,2025-10-29,3034,13,103
INV00004189,WH009,PROD00217,2025-03-05,4345,460,166
INV00004190,WH009,PROD00150,2026-01-12,2746,45,80
INV00004191,WH009,PROD00087,2025-12-29,4584,284,44
INV00004192,WH009,PROD00450,2026-05-20,402,37,86
INV00004193,WH009,PROD00149,2025-08-06,2252,93,154
INV00004194,WH009,PROD00049,2025-09-29,194,360,131
INV00004195,WH009,PROD00127,2026-01-04,1071,53,126
INV00004196,WH009,PROD00057,2025-07-23,1847,171,17
INV00004197,WH009,PROD00393,2026-07-26,653,0,87
INV00004198,WH009,PROD00417,2025-02-15,2673,443,80
INV00004199,WH009,PROD00339,2025-02-05,2858,248,184
INV00004200,WH009,PROD00433,2026-03-21,3748,478,183
INV00004201,WH009,PROD00151,2025-12-13,273,478,83
INV00004202,WH009,PROD00074,2026-08-01,4742,240,28
INV00004203,WH009,PROD00164,2025-12-11,1469,164,59
INV00004204,WH009,PROD00085,2026-06-30,842,121,40
INV00004205,WH009,PROD00485,2026-01-26,1685,437,108
INV00004206,WH009,PROD00447,2025-11-13,1109,197,132
INV00004207,WH009,PROD00156,2025-07-14,4995,56,34
INV00004208,WH009,PROD00114,2025-07-01,1820,212,188
INV00004209,WH009,PROD00262,2025-04-05,1693,301,44
INV00004210,WH009,PROD00420,2026-07-25,4953,21,46
INV00004211,WH009,PROD00232,2025-11-03,4023,84,61
INV00004212,WH009,PROD00271,2025-04-11,1691,19,197
INV00004213,WH009,PROD00058,2025-11-09,1138,406,162
INV00004214,WH009,PROD00061,2025-05-22,4834,404,200
INV00004215,WH009,PROD00427,2025-09-08,1576,201,41
INV00004216,WH009,PROD00408,2025-10-08,1430,449,39
INV00004217,WH009,PROD00124,2026-01-26,2763,56,37
INV00004218,WH009,PROD00013,2025-03-26,2288,463,177
INV00004219,WH009,PROD00283,2025-08-16,4435,208,192
INV00004220,WH009,PROD00295,2025-11-30,2144,387,73
INV00004221,WH009,PROD00205,2025-08-26,2679,435,116
INV00004222,WH009,PROD00214,2025-03-28,335,61,169
INV00004223,WH009,PROD00390,2025-02-20,2108,98,10
INV00004224,WH009,PROD00287,2026-05-02,3515,478,101
INV00004225,WH009,PROD00001,2025-11-11,4291,341,58
INV00004226,WH009,PROD00257,2026-02-13,3043,349,163
INV00004227,WH009,PROD00186,2025-09-06,1060,333,80
INV00004228,WH009,PROD00006,2026-03-16,4395,317,25
INV00004229,WH009,PROD00331,2025-03-28,616,451,141
INV00004230,WH009,PROD00332,2025-01-28,2757,416,197
INV00004231,WH009,PROD00071,2025-05-30,4381,232,50
INV00004232,WH009,PROD00457,2025-04-10,448,139,37
INV00004233,WH009,PROD00113,2026-05-23,1427,319,39
INV00004234,WH009,PROD00184,2025-09-23,4072,449,36
INV00004235,WH009,PROD00136,2026-01-23,857,403,89
INV00004236,WH009,PROD00108,2026-06-18,2522,36,96
INV00004237,WH009,PROD00042,2025-07-12,1364,115,159
INV00004238,WH009,PROD00458,2026-07-19,370,150,101
INV00004239,WH009,PROD00122,2026-07-18,1109,497,102
INV00004240,WH009,PROD00110,2026-06-12,2986,163,182
INV00004241,WH009,PROD00415,2025-09-19,3205,194,42
INV00004242,WH009,PROD00147,2026-06-23,1829,79,175
INV00004243,WH009,PROD00139,2025-03-15,4057,287,180
INV00004244,WH009,PROD00423,2026-01-24,1007,415,78
INV00004245,WH009,PROD00422,2026-07-11,2156,145,135
INV00004246,WH009,PROD00392,2025-07-03,3286,382,144
INV00004247,WH009,PROD00195,2026-03-13,587,376,136
INV00004248,WH009,PROD00112,2026-03-15,4199,481,128
INV00004249,WH009,PROD00163,2025-07-19,1175,345,166
INV00004250,WH009,PROD00174,2026-06-20,0,384,57
INV00004251,WH009,PROD00351,2025-07-26,4710,333,62
INV00004252,WH009,PROD00286,2026-03-13,812,299,162
INV00004253,WH009,PROD00496,2025-03-24,1012,114,172
INV00004254,WH009,PROD00319,2025-11-18,4078,87,168
INV00004255,WH009,PROD00097,2026-07-10,786,243,24
INV00004256,WH009,PROD00359,2025-04-04,4109,36,19
INV00004257,WH009,PROD00463,2025-12-06,3909,66,12
INV00004258,WH009,PROD00318,2025-10-13,2202,395,147
INV00004259,WH009,PROD00185,2026-06-07,4807,372,123
INV00004260,WH009,PROD00017,2025-08-20,3955,115,38
INV00004261,WH009,PROD00253,2025-01-07,2121,87,68
INV00004262,WH009,PROD00030,2025-08-05,857,21,167
INV00004263,WH009,PROD00366,2025-05-22,4700,96,36
INV00004264,WH009,PROD00003,2025-02-19,158,378,52
INV00004265,WH009,PROD00162,2025-12-30,2751,411,187
INV00004266,WH009,PROD00200,2025-11-11,3704,286,30
INV00004267,WH009,PROD00310,2026-07-31,1710,308,97
INV00004268,WH009,PROD00388,2026-04-24,3292,379,17
INV00004269,WH009,PROD00137,2026-02-05,2188,230,22
INV00004270,WH009,PROD00326,2025-07-18,9,71,52
INV00004271,WH009,PROD00188,2025-03-18,2274,142,102
INV00004272,WH009,PROD00370,2025-05-01,196,97,198
INV00004273,WH009,PROD00471,2025-10-05,4955,129,152
INV00004274,WH009,PROD00431,2025-01-05,3512,8,43
INV00004275,WH009,PROD00333,2025-12-09,3791,115,119
INV00004276,WH009,PROD00462,2025-07-13,3024,288,84
INV00004277,WH009,PROD00035,2025-07-07,3874,338,47
INV00004278,WH009,PROD00180,2025-04-04,2002,418,141
INV00004279,WH009,PROD00103,2025-03-27,1132,80,12
INV00004280,WH009,PROD00246,2025-11-11,735,422,184
INV00004281,WH009,PROD00051,2025-02-14,555,85,106
INV00004282,WH009,PROD00481,2025-01-30,1774,171,58
INV00004283,WH009,PROD00449,2025-09-23,4804,378,89
INV00004284,WH009,PROD00046,2026-03-18,2605,300,93
INV00004285,WH009,PROD00289,2025-05-09,4820,422,109
INV00004286,WH009,PROD00410,2026-08-08,1587,54,77
INV00004287,WH009,PROD00224,2025-07-10,1560,106,106
INV00004288,WH009,PROD00177,2025-11-26,2997,127,198
INV00004289,WH009,PROD00439,2025-12-24,429,43,53
INV00004290,WH009,PROD00252,2025-01-17,856,133,67
INV00004291,WH009,PROD00012,2025-08-23,2551,107,72
INV00004292,WH009,PROD00032,2026-02-07,1448,366,198
INV00004293,WH009,PROD00024,2025-05-27,3288,405,174
INV00004294,WH009,PROD00238,2026-07-30,3058,471,173
INV00004295,WH009,PROD00294,2026-03-09,75,52,52
INV00004296,WH009,PROD00465,2025-06-22,2479,251,108
INV00004297,WH009,PROD00404,2026-02-03,2796,355,52
INV00004298,WH009,PROD00169,2025-09-05,3280,438,17
INV00004299,WH009,PROD00354,2025-11-05,2159,296,137
INV00004300,WH009,PROD00079,2026-03-13,2635,305,114
INV00004301,WH009,PROD00275,2025-06-17,1538,493,194
INV00004302,WH009,PROD00197,2026-05-24,107,210,114
INV00004303,WH009,PROD00021,2026-02-27,304,497,115
INV00004304,WH009,PROD00322,2026-01-03,2819,414,127
INV00004305,WH009,PROD00070,2026-03-07,3333,185,35
INV00004306,WH009,PROD00475,2025-09-12,31,430,115
INV00004307,WH009,PROD00204,2025-04-10,4204,285,87
INV00004308,WH009,PROD00029,2025-05-21,2110,256,151
INV00004309,WH009,PROD00069,2026-07-17,1808,440,123
INV00004310,WH009,PROD00259,2026-07-04,2084,82,119
INV00004311,WH009,PROD00398,2025-11-12,3425,443,52
INV00004312,WH009,PROD00121,2025-05-07,186,122,77
INV00004313,WH009,PROD00487,2026-01-09,1111,480,150
INV00004314,WH009,PROD00297,2025-01-09,3997,321,176
INV00004315,WH009,PROD00290,2025-12-21,1985,374,79
INV00004316,WH009,PROD00440,2025-06-16,2235,275,56
INV00004317,WH009,PROD00076,2025-09-25,2675,68,120
INV00004318,WH009,PROD00213,2026-07-27,989,12,151
INV00004319,WH009,PROD00235,2025-12-16,216,291,95
INV00004320,WH009,PROD00300,2026-02-04,2738,114,150
INV00004321,WH009,PROD00320,2025-03-22,3704,219,139
INV00004322,WH009,PROD00148,2025-05-07,1770,328,177
INV00004323,WH009,PROD00303,2025-08-01,4352,224,187
INV00004324,WH009,PROD00340,2025-01-10,9,126,132
INV00004325,WH009,PROD00399,2026-07-07,2498,210,75
INV00004326,WH009,PROD00500,2025-06-27,4056,78,167
INV00004327,WH009,PROD00497,2026-04-25,2401,168,85
INV00004328,WH009,PROD00207,2025-06-28,3932,359,78
INV00004329,WH009,PROD00047,2026-06-23,3319,72,117
INV00004330,WH009,PROD00009,2025-04-07,952,380,143
INV00004331,WH009,PROD00355,2025-07-13,4981,222,78
INV00004332,WH009,PROD00126,2025-05-09,1701,336,189
INV00004333,WH009,PROD00441,2026-05-24,3802,65,94
INV00004334,WH009,PROD00119,2026-05-02,2794,92,47
INV00004335,WH009,PROD00380,2026-02-04,1661,344,57
INV00004336,WH009,PROD00347,2025-06-16,1077,330,145
INV00004337,WH009,PROD00304,2025-12-31,2921,98,31
INV00004338,WH009,PROD00077,2026-02-18,2788,299,157
INV00004339,WH009,PROD00284,2026-02-13,612,478,148
INV00004340,WH009,PROD00043,2026-06-16,2414,440,117
INV00004341,WH009,PROD00337,2026-01-09,3032,50,176
INV00004342,WH009,PROD00299,2026-06-12,0,23,110
INV00004343,WH009,PROD00274,2026-04-22,1344,107,167
INV00004344,WH009,PROD00368,2025-09-14,3497,487,31
INV00004345,WH009,PROD00160,2025-10-23,735,187,97
INV00004346,WH009,PROD00157,2026-07-09,4535,446,95
INV00004347,WH009,PROD00341,2025-05-29,1102,496,86
INV00004348,WH009,PROD00483,2025-08-28,1509,472,151
INV00004349,WH009,PROD00276,2026-07-22,3877,474,55
INV00004350,WH009,PROD00414,2026-02-27,4777,96,47
INV00004351,WH009,PROD00255,2026-02-03,414,250,163
INV00004352,WH009,PROD00092,2026-01-24,2706,443,94
INV00004353,WH009,PROD00291,2026-06-23,4535,388,36
INV00004354,WH009,PROD00098,2025-12-05,1731,117,56
INV00004355,WH009,PROD00192,2026-02-24,2543,336,44
INV00004356,WH009,PROD00323,2025-05-15,3795,180,103
INV00004357,WH009,PROD00198,2026-04-05,1967,181,42
INV00004358,WH009,PROD00209,2026-05-02,4936,393,137
INV00004359,WH009,PROD00367,2026-03-17,4624,457,33
INV00004360,WH009,PROD00142,2025-08-24,621,343,199
INV00004361,WH009,PROD00499,2025-03-15,2670,459,129
INV00004362,WH009,PROD00193,2025-05-04,245,188,91
INV00004363,WH009,PROD00425,2025-10-07,4085,120,44
INV00004364,WH009,PROD00314,2025-08-19,4621,308,127
INV00004365,WH009,PROD00196,2026-07-07,814,313,32
INV00004366,WH009,PROD00115,2025-11-16,2669,497,81
INV00004367,WH009,PROD00428,2025-02-12,3510,2,99
INV00004368,WH009,PROD00189,2025-09-24,3343,398,29
INV00004369,WH009,PROD00059,2025-04-13,974,333,135
INV00004370,WH009,PROD00101,2025-05-28,4711,152,118
INV00004371,WH009,PROD00181,2026-06-11,3215,19,22
INV00004372,WH009,PROD00068,2025-11-22,4429,394,40
INV00004373,WH009,PROD00269,2025-01-16,3199,282,76
INV00004374,WH009,PROD00176,2025-07-07,1971,274,14
INV00004375,WH009,PROD00478,2025-06-30,753,349,103
INV00004376,WH009,PROD00005,2025-03-05,3149,316,152
INV00004377,WH009,PROD00008,2025-01-08,1257,294,155
INV00004378,WH009,PROD00007,2025-11-09,2174,181,140
INV00004379,WH009,PROD00265,2025-11-10,454,202,58
INV00004380,WH009,PROD00219,2025-02-11,778,373,116
INV00004381,WH009,PROD00194,2025-06-08,4816,165,189
INV00004382,WH009,PROD00384,2026-05-25,3753,477,109
INV00004383,WH009,PROD00171,2025-10-24,2364,390,48
INV00004384,WH009,PROD00459,2026-06-16,3290,19,133
INV00004385,WH009,PROD00106,2025-08-25,3681,48,43
INV00004386,WH009,PROD00377,2026-05-04,2305,322,31
INV00004387,WH009,PROD00407,2025-06-18,4741,343,132
INV00004388,WH009,PROD00302,2025-04-14,3213,389,106
INV00004389,WH009,PROD00211,2026-04-25,4910,377,177
INV00004390,WH009,PROD00389,2025-09-16,734,403,54
INV00004391,WH009,PROD00263,2025-01-27,4053,177,33
INV00004392,WH009,PROD00400,2025-02-19,2090,379,136
INV00004393,WH009,PROD00100,2026-05-25,1235,95,129
INV00004394,WH009,PROD00104,2026-07-23,663,114,165
INV00004395,WH009,PROD00242,2025-12-03,4661,262,186
INV00004396,WH009,PROD00342,2026-02-26,4501,76,12
INV00004397,WH009,PROD00132,2026-01-17,3087,394,81
INV00004398,WH009,PROD00280,2025-04-13,3294,390,137
INV00004399,WH009,PROD00305,2025-03-23,394,251,183
INV00004400,WH009,PROD00075,2025-01-18,3699,143,129
INV00004401,WH009,PROD00495,2026-03-05,1389,409,151
INV00004402,WH009,PROD00134,2026-07-21,4350,272,96
INV00004403,WH009,PROD00416,2025-06-17,4123,430,162
INV00004404,WH009,PROD00435,2025-04-07,4140,204,80
INV00004405,WH009,PROD00229,2025-10-14,1397,352,147
INV00004406,WH009,PROD00438,2025-08-08,3726,264,192
INV00004407,WH009,PROD00073,2026-03-15,92,222,60
INV00004408,WH009,PROD00491,2026-06-24,4759,76,24
INV00004409,WH009,PROD00230,2025-11-15,2430,369,22
INV00004410,WH009,PROD00373,2026-06-20,3224,244,185
INV00004411,WH009,PROD00301,2025-08-21,2168,429,114
INV00004412,WH009,PROD00448,2026-02-25,1228,399,145
INV00004413,WH009,PROD00477,2026-01-13,4317,424,23
INV00004414,WH009,PROD00146,2026-08-01,3615,345,140
INV00004415,WH009,PROD00041,2025-11-24,1884,223,116
INV00004416,WH009,PROD00202,2025-08-27,1177,202,96
INV00004417,WH009,PROD00014,2026-08-14,2089,287,37
INV00004418,WH009,PROD00002,2025-10-02,1839,340,150
INV00004419,WH009,PROD00244,2026-06-16,340,335,73
INV00004420,WH009,PROD00468,2025-12-07,697,243,43
INV00004421,WH009,PROD00395,2025-08-15,4335,179,160
INV00004422,WH009,PROD00099,2025-12-03,2951,60,159
INV00004423,WH009,PROD00028,2026-03-09,0,423,179
INV00004424,WH009,PROD00081,2025-04-25,3528,299,113
INV00004425,WH009,PROD00093,2025-06-17,0,475,177
INV00004426,WH009,PROD00403,2025-05-11,2680,181,33
INV00004427,WH009,PROD00270,2025-04-01,2973,128,137
INV00004428,WH009,PROD00352,2026-02-01,1648,497,26
INV00004429,WH009,PROD00105,2026-02-16,3157,416,184
INV00004430,WH009,PROD00215,2026-03-25,2830,322,103
INV00004431,WH009,PROD00064,2026-02-15,1867,399,146
INV00004432,WH009,PROD00239,2026-06-12,3281,215,45
INV00004433,WH009,PROD00153,2025-09-01,50,311,25
INV00004434,WH009,PROD00391,2025-02-07,3478,436,92
INV00004435,WH009,PROD00343,2025-08-06,4761,119,167
INV00004436,WH009,PROD00249,2026-08-03,1510,352,148
INV00004437,WH009,PROD00461,2025-01-20,3936,53,75
INV00004438,WH009,PROD00376,2026-01-08,522,368,25
INV00004439,WH009,PROD00054,2025-01-06,1143,286,127
INV00004440,WH009,PROD00358,2025-01-13,1610,366,21
INV00004441,WH009,PROD00443,2026-01-24,2329,131,115
INV00004442,WH009,PROD00037,2025-10-22,626,145,162
INV00004443,WH009,PROD00011,2025-03-14,2283,253,154
INV00004444,WH009,PROD00053,2026-06-02,1230,377,175
INV00004445,WH009,PROD00125,2026-06-03,2834,193,80
INV00004446,WH009,PROD00060,2025-12-14,2041,355,187
INV00004447,WH009,PROD00025,2025-02-06,3607,400,77
INV00004448,WH009,PROD00165,2025-10-11,2589,173,117
INV00004449,WH009,PROD00479,2025-09-17,4023,219,172
INV00004450,WH009,PROD00330,2025-08-19,1318,109,46
INV00004451,WH009,PROD00409,2025-05-19,3492,194,109
INV00004452,WH009,PROD00360,2025-06-05,3199,139,29
INV00004453,WH009,PROD00356,2025-06-02,3874,245,157
INV00004454,WH009,PROD00494,2026-01-02,1251,375,180
INV00004455,WH009,PROD00362,2025-08-03,202,222,151
INV00004456,WH009,PROD00179,2026-03-08,4253,245,19
INV00004457,WH009,PROD00444,2025-07-08,3334,473,127
INV00004458,WH009,PROD00254,2026-03-01,4155,0,18
INV00004459,WH009,PROD00273,2025-01-23,2277,248,191
INV00004460,WH009,PROD00338,2026-06-22,980,241,177
INV00004461,WH009,PROD00446,2026-01-19,805,172,50
INV00004462,WH009,PROD00190,2025-12-23,413,424,16
INV00004463,WH009,PROD00307,2025-03-09,2575,227,48
INV00004464,WH009,PROD00248,2025-08-13,737,195,111
INV00004465,WH009,PROD00315,2026-03-24,3767,324,110
INV00004466,WH009,PROD00350,2025-09-12,228,8,112
INV00004467,WH009,PROD00282,2026-08-05,801,281,149
INV00004468,WH009,PROD00201,2025-08-11,4720,476,138
INV00004469,WH009,PROD00187,2026-06-05,202,462,17
INV00004470,WH009,PROD00173,2025-12-31,3990,72,141
INV00004471,WH009,PROD00020,2025-09-10,4808,71,49
INV00004472,WH009,PROD00406,2026-01-08,841,27,135
INV00004473,WH009,PROD00379,2025-12-15,2287,475,120
INV00004474,WH009,PROD00084,2025-01-09,3988,250,89
INV00004475,WH009,PROD00130,2025-11-16,1470,318,115
INV00004476,WH009,PROD00040,2025-08-11,2501,486,91
INV00004477,WH009,PROD00170,2025-11-05,4720,175,130
INV00004478,WH009,PROD00222,2026-01-30,18,160,90
INV00004479,WH009,PROD00344,2025-05-31,1581,311,108
INV00004480,WH009,PROD00240,2025-04-19,1146,356,94
INV00004481,WH009,PROD00078,2026-02-15,4512,85,123
INV00004482,WH009,PROD00094,2025-03-20,2580,437,176
INV00004483,WH009,PROD00131,2025-09-15,553,264,139
INV00004484,WH009,PROD00405,2025-09-08,1486,326,151
INV00004485,WH009,PROD00128,2025-12-17,4904,115,49
INV00004486,WH009,PROD00015,2025-09-16,370,402,77
INV00004487,WH009,PROD00223,2026-04-18,2599,481,130
INV00004488,WH009,PROD00161,2025-07-11,1924,215,35
INV00004489,WH009,PROD00055,2025-06-18,2035,191,147
INV00004490,WH009,PROD00090,2026-06-13,3674,371,188
INV00004491,WH009,PROD00371,2026-06-26,1636,243,159
INV00004492,WH009,PROD00102,2026-01-01,4670,34,107
INV00004493,WH009,PROD00469,2025-10-22,3795,209,90
INV00004494,WH009,PROD00411,2026-08-01,4273,22,181
INV00004495,WH009,PROD00357,2025-06-11,2006,367,50
INV00004496,WH009,PROD00387,2025-08-01,1113,302,54
INV00004497,WH009,PROD00256,2025-11-05,347,358,24
INV00004498,WH009,PROD00143,2025-09-02,4615,302,156
INV00004499,WH009,PROD00336,2025-12-29,1202,387,176
INV00004500,WH009,PROD00432,2026-06-27,664,89,191
INV00004501,WH010,PROD00338,2026-07-08,561,282,177
INV00004502,WH010,PROD00351,2025-10-26,3328,253,62
INV00004503,WH010,PROD00416,2025-01-01,4152,155,162
INV00004504,WH010,PROD00468,2025-07-31,3340,321,43
INV00004505,WH010,PROD00003,2025-08-31,1944,248,52
INV00004506,WH010,PROD00283,2026-07-02,1430,459,192
INV00004507,WH010,PROD00050,2026-03-18,2286,391,165
INV00004508,WH010,PROD00465,2026-02-12,3329,218,108
INV00004509,WH010,PROD00256,2025-08-23,1361,98,24
INV00004510,WH010,PROD00484,2025-11-10,3494,223,54
INV00004511,WH010,PROD00115,2025-10-02,92,302,81
INV00004512,WH010,PROD00350,2026-05-22,2231,333,112
INV00004513,WH010,PROD00238,2026-06-24,2776,387,173
INV00004514,WH010,PROD00202,2026-02-14,2028,152,96
INV00004515,WH010,PROD00011,2026-04-19,663,302,154
INV00004516,WH010,PROD00271,2025-04-08,4434,298,197
INV00004517,WH010,PROD00205,2025-12-13,4049,113,116
INV00004518,WH010,PROD00229,2026-02-27,1001,390,147
INV00004519,WH010,PROD00458,2025-09-13,4807,427,101
INV00004520,WH010,PROD00459,2026-06-03,3040,230,133
INV00004521,WH010,PROD00031,2025-06-10,892,137,158
INV00004522,WH010,PROD00056,2025-07-11,2216,230,32
INV00004523,WH010,PROD00244,2025-02-05,1881,98,73
INV00004524,WH010,PROD00033,2026-01-10,4971,144,70
INV00004525,WH010,PROD00209,2026-06-21,3321,332,137
INV00004526,WH010,PROD00397,2026-03-30,3529,243,154
INV00004527,WH010,PROD00439,2025-03-18,3115,175,53
INV00004528,WH010,PROD00383,2026-04-19,386,53,107
INV00004529,WH010,PROD00111,2025-08-06,2329,20,130
INV00004530,WH010,PROD00001,2025-09-24,2995,9,58
INV00004531,WH010,PROD00425,2026-06-04,4672,322,44
INV00004532,WH010,PROD00356,2025-06-13,220,307,157
INV00004533,WH010,PROD00325,2025-09-11,276,401,40
INV00004534,WH010,PROD00464,2025-05-14,1731,500,197
INV00004535,WH010,PROD00457,2025-04-17,101,300,37
INV00004536,WH010,PROD00015,2025-11-14,4835,418,77
INV00004537,WH010,PROD00389,2025-12-04,334,279,54
INV00004538,WH010,PROD00189,2025-02-15,4198,167,29
INV00004539,WH010,PROD00161,2026-07-22,4079,82,35
INV00004540,WH010,PROD00365,2025-02-26,2272,119,187
INV00004541,WH010,PROD00498,2026-06-22,3639,297,20
INV00004542,WH010,PROD00357,2026-01-13,3042,61,50
INV00004543,WH010,PROD00008,2025-12-29,4424,60,155
INV00004544,WH010,PROD00494,2025-05-03,2294,479,180
INV00004545,WH010,PROD00480,2026-04-06,437,433,193
INV00004546,WH010,PROD00199,2026-04-28,2472,76,87
INV00004547,WH010,PROD00483,2025-03-09,3827,264,151
INV00004548,WH010,PROD00143,2025-06-27,1398,241,156
INV00004549,WH010,PROD00354,2025-04-28,4466,78,137
INV00004550,WH010,PROD00267,2025-04-10,4653,236,141
INV00004551,WH010,PROD00366,2025-06-01,36,499,36
INV00004552,WH010,PROD00461,2025-04-26,0,65,75
INV00004553,WH010,PROD00344,2026-07-28,2081,232,108
INV00004554,WH010,PROD00036,2025-05-07,4688,220,22
INV00004555,WH010,PROD00312,2025-04-01,4885,226,167
INV00004556,WH010,PROD00078,2026-01-08,3529,296,123
INV00004557,WH010,PROD00252,2025-11-19,2210,222,67
INV00004558,WH010,PROD00198,2026-05-12,275,240,42
INV00004559,WH010,PROD00314,2025-09-22,2792,83,127
INV00004560,WH010,PROD00232,2025-06-28,199,160,61
INV00004561,WH010,PROD00018,2025-09-06,3331,427,42
INV00004562,WH010,PROD00497,2025-10-28,4301,190,85
INV00004563,WH010,PROD00117,2025-09-15,899,306,126
INV00004564,WH010,PROD00296,2026-01-27,449,206,111
INV00004565,WH010,PROD00360,2025-04-16,4682,391,29
INV00004566,WH010,PROD00088,2026-03-31,1905,80,82
INV00004567,WH010,PROD00240,2025-01-08,3838,272,94
INV00004568,WH010,PROD00388,2026-07-24,3538,325,17
INV00004569,WH010,PROD00120,2026-06-12,4336,20,16
INV00004570,WH010,PROD00393,2025-11-21,4318,401,87
INV00004571,WH010,PROD00025,2026-05-18,3338,364,77
INV00004572,WH010,PROD00319,2026-02-10,337,91,168
INV00004573,WH010,PROD00328,2025-08-24,3838,313,183
INV00004574,WH010,PROD00242,2025-04-30,1817,226,186
INV00004575,WH010,PROD00446,2025-08-02,3093,475,50
INV00004576,WH010,PROD00175,2026-08-12,4030,191,139
INV00004577,WH010,PROD00151,2025-10-30,4991,6,83
INV00004578,WH010,PROD00237,2025-10-08,264,209,57
INV00004579,WH010,PROD00336,2026-04-18,2907,44,176
INV00004580,WH010,PROD00385,2026-01-11,3672,10,130
INV00004581,WH010,PROD00019,2026-04-30,3269,466,63
INV00004582,WH010,PROD00409,2026-03-15,2416,463,109
INV00004583,WH010,PROD00211,2025-07-01,2169,77,177
INV00004584,WH010,PROD00239,2025-05-05,0,236,45
INV00004585,WH010,PROD00390,2025-12-02,3271,206,10
INV00004586,WH010,PROD00395,2026-03-27,2695,75,160
INV00004587,WH010,PROD00077,2025-08-14,1197,114,157
INV00004588,WH010,PROD00377,2025-02-16,423,209,31
INV00004589,WH010,PROD00478,2025-10-12,1071,171,103
INV00004590,WH010,PROD00477,2025-01-16,4520,243,23
INV00004591,WH010,PROD00453,2025-07-11,2229,291,19
INV00004592,WH010,PROD00408,2026-06-04,2008,256,39
INV00004593,WH010,PROD00315,2025-08-11,4555,223,110
INV00004594,WH010,PROD00181,2026-07-14,2507,180,22
INV00004595,WH010,PROD00469,2025-01-05,740,328,90
INV00004596,WH010,PROD00049,2026-01-29,3492,220,131
INV00004597,WH010,PROD00322,2025-10-01,839,247,127
INV00004598,WH010,PROD00472,2025-12-06,3356,208,29
INV00004599,WH010,PROD00154,2026-05-19,865,110,73
INV00004600,WH010,PROD00064,2026-07-28,2458,298,146
INV00004601,WH010,PROD00254,2025-02-09,4214,283,18
INV00004602,WH010,PROD00490,2026-01-12,2714,75,146
INV00004603,WH010,PROD00438,2025-03-29,1853,374,192
INV00004604,WH010,PROD00500,2025-04-05,3000,261,167
INV00004605,WH010,PROD00159,2026-03-24,3762,369,181
INV00004606,WH010,PROD00094,2025-09-04,2527,170,176
INV00004607,WH010,PROD00208,2025-04-14,1407,324,117
INV00004608,WH010,PROD00449,2026-06-15,2696,105,89
INV00004609,WH010,PROD00493,2025-03-31,2728,459,182
INV00004610,WH010,PROD00246,2025-05-26,710,398,184
INV00004611,WH010,PROD00290,2025-08-15,3318,446,79
INV00004612,WH010,PROD00398,2026-05-06,2851,317,52
INV00004613,WH010,PROD00441,2025-12-08,4504,196,94
INV00004614,WH010,PROD00116,2025-05-05,1524,160,185
INV00004615,WH010,PROD00037,2026-02-19,2438,47,162
INV00004616,WH010,PROD00488,2025-07-17,2787,179,182
INV00004617,WH010,PROD00419,2025-01-07,3209,233,115
INV00004618,WH010,PROD00190,2025-09-03,1655,63,16
INV00004619,WH010,PROD00073,2026-05-20,4887,302,60
INV00004620,WH010,PROD00303,2026-03-04,3200,326,187
INV00004621,WH010,PROD00382,2026-02-13,1500,3,45
INV00004622,WH010,PROD00203,2026-02-08,789,237,63
INV00004623,WH010,PROD00340,2025-07-05,1449,208,132
INV00004624,WH010,PROD00101,2026-07-24,2534,397,118
INV00004625,WH010,PROD00302,2025-06-08,775,105,106
INV00004626,WH010,PROD00156,2025-10-26,2914,33,34
INV00004627,WH010,PROD00359,2026-05-16,1483,165,19
INV00004628,WH010,PROD00212,2025-12-03,2295,274,196
INV00004629,WH010,PROD00420,2026-05-30,3189,321,46
INV00004630,WH010,PROD00363,2026-01-01,3313,281,72
INV00004631,WH010,PROD00089,2025-10-30,2686,327,133
INV00004632,WH010,PROD00471,2025-03-08,974,187,152
INV00004633,WH010,PROD00361,2025-08-08,2304,77,21
INV00004634,WH010,PROD00233,2026-06-18,2657,321,69
INV00004635,WH010,PROD00065,2025-09-19,1027,478,173
INV00004636,WH010,PROD00320,2025-10-19,473,482,139
INV00004637,WH010,PROD00414,2026-05-02,4828,13,47
INV00004638,WH010,PROD00305,2025-03-23,1730,47,183
INV00004639,WH010,PROD00251,2025-02-26,1776,458,184
INV00004640,WH010,PROD00253,2025-02-05,647,7,68
INV00004641,WH010,PROD00216,2025-10-18,3002,82,192
INV00004642,WH010,PROD00347,2026-05-26,4450,142,145
INV00004643,WH010,PROD00236,2026-07-03,3305,19,129
INV00004644,WH010,PROD00436,2026-07-18,2433,480,163
INV00004645,WH010,PROD00079,2025-12-08,3009,403,114
INV00004646,WH010,PROD00061,2025-01-22,4477,255,200
INV00004647,WH010,PROD00021,2025-05-01,816,374,115
INV00004648,WH010,PROD00310,2025-04-28,943,81,97
INV00004649,WH010,PROD00068,2026-05-11,1630,212,40
INV00004650,WH010,PROD00473,2025-05-17,1147,305,174
INV00004651,WH010,PROD00364,2025-06-27,500,77,149
INV00004652,WH010,PROD00148,2026-08-08,3388,439,177
INV00004653,WH010,PROD00201,2025-06-04,2567,433,138
INV00004654,WH010,PROD00387,2025-04-26,3595,279,54
INV00004655,WH010,PROD00010,2026-03-30,1261,31,181
INV00004656,WH010,PROD00269,2025-05-16,1423,263,76
INV00004657,WH010,PROD00424,2026-05-26,4443,217,142
INV00004658,WH010,PROD00264,2025-12-01,4191,298,58
INV00004659,WH010,PROD00097,2025-01-22,2633,421,24
INV00004660,WH010,PROD00421,2025-10-10,4121,260,131
INV00004661,WH010,PROD00185,2026-03-23,3009,449,123
INV00004662,WH010,PROD00172,2025-10-19,72,111,169
INV00004663,WH010,PROD00171,2026-07-13,1722,403,48
INV00004664,WH010,PROD00176,2025-03-01,372,66,14
INV00004665,WH010,PROD00098,2026-05-18,1263,156,56
INV00004666,WH010,PROD00017,2025-12-26,2777,98,38
INV00004667,WH010,PROD00105,2025-09-22,3641,400,184
INV00004668,WH010,PROD00430,2026-03-15,4140,488,176
INV00004669,WH010,PROD00030,2026-03-28,4101,22,167
INV00004670,WH010,PROD00337,2026-02-18,34,19,176
INV00004671,WH010,PROD00066,2025-04-28,255,335,23
INV00004672,WH010,PROD00215,2025-02-23,4267,28,103
INV00004673,WH010,PROD00373,2026-08-14,1434,173,185
INV00004674,WH010,PROD00180,2025-03-31,273,170,141
INV00004675,WH010,PROD00284,2025-06-20,2078,66,148
INV00004676,WH010,PROD00044,2025-04-13,3044,240,183
INV00004677,WH010,PROD00086,2025-03-17,2456,271,72
INV00004678,WH010,PROD00135,2026-07-30,1648,274,199
INV00004679,WH010,PROD00139,2025-04-16,3699,496,180
INV00004680,WH010,PROD00225,2025-04-29,3310,167,194
INV00004681,WH010,PROD00200,2025-08-23,2903,458,30
INV00004682,WH010,PROD00230,2025-02-17,4887,84,22
INV00004683,WH010,PROD00016,2025-07-01,2239,369,95
INV00004684,WH010,PROD00224,2026-01-26,886,479,106
INV00004685,WH010,PROD00090,2026-07-19,2911,105,188
INV00004686,WH010,PROD00342,2025-07-19,1657,400,12
INV00004687,WH010,PROD00062,2026-08-08,4960,110,90
INV00004688,WH010,PROD00182,2026-01-16,3772,277,108
INV00004689,WH010,PROD00130,2026-02-12,1608,80,115
INV00004690,WH010,PROD00006,2026-05-02,1302,249,25
INV00004691,WH010,PROD00040,2025-05-28,4377,381,91
INV00004692,WH010,PROD00184,2025-01-06,189,456,36
INV00004693,WH010,PROD00378,2025-06-15,3133,402,42
INV00004694,WH010,PROD00095,2025-07-13,2018,358,134
INV00004695,WH010,PROD00293,2026-06-17,4160,285,72
INV00004696,WH010,PROD00279,2025-05-06,1194,2,113
INV00004697,WH010,PROD00286,2026-05-01,2234,70,162
INV00004698,WH010,PROD00285,2025-08-25,3667,491,98
INV00004699,WH010,PROD00217,2025-03-31,984,322,166
INV00004700,WH010,PROD00485,2026-04-03,2490,168,108
INV00004701,WH010,PROD00125,2025-02-03,3161,490,80
INV00004702,WH010,PROD00241,2025-06-19,457,410,180
INV00004703,WH010,PROD00346,2025-05-28,3408,110,85
INV00004704,WH010,PROD00391,2026-01-29,560,413,92
INV00004705,WH010,PROD00326,2025-12-26,3326,123,52
INV00004706,WH010,PROD00032,2025-01-31,129,447,198
INV00004707,WH010,PROD00368,2026-07-15,593,135,31
INV00004708,WH010,PROD00376,2026-05-08,2581,166,25
INV00004709,WH010,PROD00045,2025-04-29,4432,313,110
INV00004710,WH010,PROD00243,2025-06-02,128,365,126
INV00004711,WH010,PROD00063,2026-07-04,4631,307,144
INV00004712,WH010,PROD00317,2026-06-25,772,162,46
INV00004713,WH010,PROD00131,2026-05-28,1376,44,139
INV00004714,WH010,PROD00134,2026-01-12,2451,283,96
INV00004715,WH010,PROD00358,2026-08-13,3977,224,21
INV00004716,WH010,PROD00052,2025-12-07,260,277,87
INV00004717,WH010,PROD00204,2025-12-29,3797,491,87
INV00004718,WH010,PROD00422,2025-11-29,4215,424,135
INV00004719,WH010,PROD00057,2026-07-27,716,408,17
INV00004720,WH010,PROD00196,2025-12-30,1872,169,32
INV00004721,WH010,PROD00280,2026-01-12,3151,194,137
INV00004722,WH010,PROD00460,2025-11-30,1254,3,181
INV00004723,WH010,PROD00371,2026-01-08,2119,460,159
INV00004724,WH010,PROD00192,2026-08-09,4037,176,44
INV00004725,WH010,PROD00053,2025-03-26,2116,337,175
INV00004726,WH010,PROD00487,2025-05-10,3298,137,150
INV00004727,WH010,PROD00157,2026-07-26,3270,6,95
INV00004728,WH010,PROD00266,2025-10-18,17,138,151
INV00004729,WH010,PROD00287,2026-06-10,4055,391,101
INV00004730,WH010,PROD00178,2025-03-28,4370,281,185
INV00004731,WH010,PROD00263,2026-01-09,844,468,33
INV00004732,WH010,PROD00218,2025-05-16,4437,150,139
INV00004733,WH010,PROD00475,2026-05-13,2952,330,115
INV00004734,WH010,PROD00331,2026-01-03,346,344,141
INV00004735,WH010,PROD00332,2025-05-12,0,78,197
INV00004736,WH010,PROD00144,2025-01-13,1611,483,168
INV00004737,WH010,PROD00193,2025-09-20,4731,266,91
INV00004738,WH010,PROD00299,2026-07-17,4233,391,110
INV00004739,WH010,PROD00466,2026-07-26,1361,372,50
INV00004740,WH010,PROD00187,2025-08-11,3324,84,17
INV00004741,WH010,PROD00261,2025-08-07,4328,287,67
INV00004742,WH010,PROD00041,2026-08-06,1538,458,116
INV00004743,WH010,PROD00168,2025-12-18,3149,407,16
INV00004744,WH010,PROD00402,2026-08-03,451,48,76
INV00004745,WH010,PROD00034,2025-07-24,3426,479,28
INV00004746,WH010,PROD00121,2025-11-22,2830,88,77
INV00004747,WH010,PROD00084,2026-04-23,4814,54,89
INV00004748,WH010,PROD00085,2026-02-24,2101,139,40
INV00004749,WH010,PROD00448,2025-11-18,4632,308,145
INV00004750,WH010,PROD00075,2026-01-24,3462,5,129
INV00004751,WH010,PROD00482,2026-04-21,3423,388,125
INV00004752,WH010,PROD00437,2026-04-03,4140,205,117
INV00004753,WH010,PROD00170,2025-06-09,3129,273,130
INV00004754,WH010,PROD00129,2026-08-06,4653,38,105
INV00004755,WH010,PROD00262,2025-04-23,1318,376,44
INV00004756,WH010,PROD00191,2026-07-15,3028,428,190
INV00004757,WH010,PROD00427,2025-07-12,3158,497,41
INV00004758,WH010,PROD00450,2025-05-28,4594,277,86
INV00004759,WH010,PROD00009,2025-09-14,2364,411,143
INV00004760,WH010,PROD00489,2025-02-11,4224,378,100
INV00004761,WH010,PROD00141,2026-05-06,2866,89,43
INV00004762,WH010,PROD00335,2026-01-06,4317,340,50
INV00004763,WH010,PROD00042,2025-02-18,1652,177,159
INV00004764,WH010,PROD00318,2025-12-02,4989,180,147
INV00004765,WH010,PROD00431,2025-06-29,3258,469,43
INV00004766,WH010,PROD00118,2026-05-03,3073,211,42
INV00004767,WH010,PROD00352,2025-07-05,271,397,26
INV00004768,WH010,PROD00496,2025-01-26,386,82,172
INV00004769,WH010,PROD00210,2026-07-27,1075,299,71
INV00004770,WH010,PROD00222,2026-05-08,491,332,90
INV00004771,WH010,PROD00434,2025-01-21,2465,260,162
INV00004772,WH010,PROD00055,2026-07-06,1283,425,147
INV00004773,WH010,PROD00028,2025-03-20,3532,361,179
INV00004774,WH010,PROD00119,2025-07-25,839,81,47
INV00004775,WH010,PROD00070,2026-08-06,3147,459,35
INV00004776,WH010,PROD00150,2025-10-22,2022,216,80
INV00004777,WH010,PROD00083,2026-02-07,169,266,188
INV00004778,WH010,PROD00092,2025-01-07,1840,416,94
INV00004779,WH010,PROD00311,2025-03-10,3427,298,128
INV00004780,WH010,PROD00292,2025-10-04,3484,370,13
INV00004781,WH010,PROD00384,2026-04-22,1758,218,109
INV00004782,WH010,PROD00380,2025-12-27,2149,316,57
INV00004783,WH010,PROD00142,2026-03-19,2248,58,199
INV00004784,WH010,PROD00369,2025-05-08,113,318,121
INV00004785,WH010,PROD00417,2025-10-30,3798,141,80
INV00004786,WH010,PROD00324,2025-06-26,3614,210,73
INV00004787,WH010,PROD00372,2025-04-26,3099,84,101
INV00004788,WH010,PROD00183,2025-03-21,4479,130,31
INV00004789,WH010,PROD00007,2026-06-29,3163,468,140
INV00004790,WH010,PROD00214,2025-04-26,3487,291,169
INV00004791,WH010,PROD00304,2026-05-25,2185,175,31
INV00004792,WH010,PROD00444,2026-05-14,3555,365,127
INV00004793,WH010,PROD00455,2025-03-24,903,177,189
INV00004794,WH010,PROD00323,2025-02-05,4139,413,103
INV00004795,WH010,PROD00399,2025-05-14,3949,27,75
INV00004796,WH010,PROD00048,2025-08-27,4024,328,27
INV00004797,WH010,PROD00059,2025-09-23,613,91,135
INV00004798,WH010,PROD00166,2025-08-08,2388,376,105
INV00004799,WH010,PROD00195,2026-04-19,3453,271,136
INV00004800,WH010,PROD00076,2026-01-15,4615,458,120
INV00004801,WH010,PROD00412,2026-08-13,1248,90,109
INV00004802,WH010,PROD00276,2026-04-30,1252,350,55
INV00004803,WH010,PROD00155,2025-05-16,3986,296,109
INV00004804,WH010,PROD00272,2025-01-08,3823,348,25
INV00004805,WH010,PROD00370,2025-08-11,1033,366,198
INV00004806,WH010,PROD00039,2025-12-27,1055,302,143
INV00004807,WH010,PROD00298,2025-08-26,1416,217,111
INV00004808,WH010,PROD00273,2025-09-19,3696,216,191
INV00004809,WH010,PROD00146,2025-03-14,3024,193,140
INV00004810,WH010,PROD00024,2025-02-09,3641,298,174
INV00004811,WH010,PROD00035,2025-11-14,4161,296,47
INV00004812,WH010,PROD00474,2025-10-25,960,409,137
INV00004813,WH010,PROD00124,2025-01-10,4919,124,37
INV00004814,WH010,PROD00392,2025-11-11,4744,292,144
INV00004815,WH010,PROD00247,2025-11-20,1516,62,141
INV00004816,WH010,PROD00309,2026-04-25,95,192,131
INV00004817,WH010,PROD00223,2025-05-07,4097,78,130
INV00004818,WH010,PROD00428,2026-03-03,2099,122,99
INV00004819,WH010,PROD00163,2026-01-06,429,402,166
INV00004820,WH010,PROD00074,2025-06-14,2027,136,28
INV00004821,WH010,PROD00047,2025-08-26,1183,459,117
INV00004822,WH010,PROD00153,2026-04-26,852,296,25
INV00004823,WH010,PROD00367,2025-04-28,1128,301,33
INV00004824,WH010,PROD00122,2026-07-13,3430,111,102
INV00004825,WH010,PROD00110,2026-03-21,4552,7,182
INV00004826,WH010,PROD00051,2026-07-04,788,302,106
INV00004827,WH010,PROD00220,2025-08-29,232,113,68
INV00004828,WH010,PROD00058,2026-01-16,2008,494,162
INV00004829,WH010,PROD00174,2025-06-18,4992,190,57
INV00004830,WH010,PROD00499,2025-01-16,3584,121,129
INV00004831,WH010,PROD00221,2025-09-24,0,471,107
INV00004832,WH010,PROD00265,2025-07-09,3585,348,58
INV00004833,WH010,PROD00113,2025-03-10,647,328,39
INV00004834,WH010,PROD00147,2026-07-17,4770,142,175
INV00004835,WH010,PROD00103,2026-03-21,42,180,12
INV00004836,WH010,PROD00375,2025-09-14,2501,161,113
INV00004837,WH010,PROD00257,2025-04-19,1668,223,163
INV00004838,WH010,PROD00278,2025-06-02,395,413,188
INV00004839,WH010,PROD00277,2026-03-15,4739,289,100
INV00004840,WH010,PROD00343,2026-05-27,4192,492,167
INV00004841,WH010,PROD00128,2025-07-09,805,97,49
INV00004842,WH010,PROD00038,2025-07-04,2671,411,150
INV00004843,WH010,PROD00456,2025-09-02,2086,232,169
INV00004844,WH010,PROD00081,2025-10-31,1254,287,113
INV00004845,WH010,PROD00313,2026-01-05,1416,156,190
INV00004846,WH010,PROD00355,2025-03-17,680,379,78
INV00004847,WH010,PROD00069,2026-02-25,483,54,123
INV00004848,WH010,PROD00396,2025-10-21,1202,438,189
INV00004849,WH010,PROD00250,2025-03-02,656,479,174
INV00004850,WH010,PROD00054,2025-10-04,4567,145,127
INV00004851,WH010,PROD00071,2026-03-16,1641,488,50
INV00004852,WH010,PROD00002,2025-08-31,4508,64,150
INV00004853,WH010,PROD00259,2025-02-28,879,86,119
INV00004854,WH010,PROD00100,2025-12-23,3031,290,129
INV00004855,WH010,PROD00413,2025-03-08,1965,311,192
INV00004856,WH010,PROD00295,2025-01-31,3869,486,73
INV00004857,WH010,PROD00207,2026-04-10,3826,270,78
INV00004858,WH010,PROD00270,2025-11-08,4581,104,137
INV00004859,WH010,PROD00231,2025-10-04,1358,17,45
INV00004860,WH010,PROD00248,2025-12-03,2473,76,111
INV00004861,WH010,PROD00282,2026-03-04,2505,394,149
INV00004862,WH010,PROD00405,2025-01-22,2178,249,151
INV00004863,WH010,PROD00213,2025-07-29,4170,103,151
INV00004864,WH010,PROD00291,2025-07-06,2372,387,36
INV00004865,WH010,PROD00106,2026-03-27,3601,483,43
INV00004866,WH010,PROD00300,2026-04-03,943,342,150
INV00004867,WH010,PROD00281,2026-07-30,3037,111,68
INV00004868,WH010,PROD00411,2025-01-15,4105,424,181
INV00004869,WH010,PROD00423,2026-05-10,1508,408,78
INV00004870,WH010,PROD00022,2026-03-13,65,198,66
INV00004871,WH010,PROD00297,2025-09-09,652,15,176
INV00004872,WH010,PROD00104,2025-01-21,1800,473,165
INV00004873,WH010,PROD00023,2026-02-24,894,405,178
INV00004874,WH010,PROD00235,2025-12-29,3111,200,95
INV00004875,WH010,PROD00268,2026-03-27,244,352,62
INV00004876,WH010,PROD00442,2026-01-01,1856,476,172
INV00004877,WH010,PROD00406,2026-03-12,1018,17,135
INV00004878,WH010,PROD00452,2026-07-07,133,1,67
INV00004879,WH010,PROD00492,2025-06-05,2782,477,186
INV00004880,WH010,PROD00060,2026-01-22,529,175,187
INV00004881,WH010,PROD00362,2026-05-15,784,149,151
INV00004882,WH010,PROD00462,2026-04-28,3880,147,84
INV00004883,WH010,PROD00043,2025-01-22,2253,97,117
INV00004884,WH010,PROD00433,2025-01-04,4349,231,183
INV00004885,WH010,PROD00330,2025-07-31,608,91,46
INV00004886,WH010,PROD00349,2026-07-24,1975,155,25
INV00004887,WH010,PROD00126,2025-07-27,1499,255,189
INV00004888,WH010,PROD00108,2026-01-20,1112,211,96
INV00004889,WH010,PROD00334,2025-12-05,4405,30,154
INV00004890,WH010,PROD00410,2026-01-03,4521,230,77
INV00004891,WH010,PROD00027,2026-02-23,3854,435,147
INV00004892,WH010,PROD00127,2026-06-04,1087,237,126
INV00004893,WH010,PROD00138,2026-03-08,3942,7,65
INV00004894,WH010,PROD00206,2025-04-05,270,418,98
INV00004895,WH010,PROD00093,2026-03-04,3557,175,177
INV00004896,WH010,PROD00435,2025-03-20,4063,481,80
INV00004897,WH010,PROD00112,2025-04-28,2600,320,128
INV00004898,WH010,PROD00381,2025-06-30,0,470,175
INV00004899,WH010,PROD00491,2026-05-25,3508,249,24
INV00004900,WH010,PROD00329,2025-12-11,4275,90,43
INV00004901,WH010,PROD00012,2025-12-27,4473,372,72
INV00004902,WH010,PROD00107,2025-06-03,113,155,103
INV00004903,WH010,PROD00479,2026-05-03,3145,482,172
INV00004904,WH010,PROD00403,2026-06-07,841,33,33
INV00004905,WH010,PROD00418,2026-08-08,4761,181,47
INV00004906,WH010,PROD00132,2026-02-02,332,105,81
INV00004907,WH010,PROD00169,2025-04-25,3064,435,17
INV00004908,WH010,PROD00026,2026-04-26,4840,332,140
INV00004909,WH010,PROD00400,2026-05-16,4889,446,136
INV00004910,WH010,PROD00445,2025-06-16,2471,37,90
INV00004911,WH010,PROD00013,2025-10-03,2060,145,177
INV00004912,WH010,PROD00274,2025-04-04,720,202,167
INV00004913,WH010,PROD00165,2026-03-25,811,126,117
INV00004914,WH010,PROD00145,2026-01-15,2724,37,144
INV00004915,WH010,PROD00327,2025-07-11,3857,220,147
INV00004916,WH010,PROD00308,2026-01-14,2609,393,196
INV00004917,WH010,PROD00307,2025-11-23,109,172,48
INV00004918,WH010,PROD00288,2026-08-12,3776,199,85
INV00004919,WH010,PROD00275,2026-08-06,3033,193,194
INV00004920,WH010,PROD00162,2026-02-10,4239,247,187
INV00004921,WH010,PROD00020,2025-10-12,2785,323,49
INV00004922,WH010,PROD00087,2025-02-26,206,328,44
INV00004923,WH010,PROD00082,2025-04-14,1452,440,137
INV00004924,WH010,PROD00348,2026-05-01,3417,463,149
INV00004925,WH010,PROD00096,2026-02-15,2992,302,33
INV00004926,WH010,PROD00005,2025-01-17,3072,29,152
INV00004927,WH010,PROD00067,2026-05-20,243,29,185
INV00004928,WH010,PROD00149,2025-01-11,3917,458,154
INV00004929,WH010,PROD00379,2025-08-30,77,445,120
INV00004930,WH010,PROD00316,2025-10-13,4333,332,86
INV00004931,WH010,PROD00432,2025-09-26,2623,61,191
INV00004932,WH010,PROD00495,2025-10-04,1100,155,151
INV00004933,WH010,PROD00249,2025-02-21,984,81,148
INV00004934,WH010,PROD00306,2026-05-15,2177,173,142
INV00004935,WH010,PROD00415,2026-03-28,353,314,42
INV00004936,WH010,PROD00158,2025-03-05,3569,405,110
INV00004937,WH010,PROD00072,2026-05-20,3947,219,190
INV00004938,WH010,PROD00467,2026-07-26,3851,236,107
INV00004939,WH010,PROD00197,2025-02-27,1604,443,114
INV00004940,WH010,PROD00451,2026-02-10,2272,366,97
INV00004941,WH010,PROD00046,2025-12-22,4732,290,93
INV00004942,WH010,PROD00109,2025-11-29,3635,446,111
INV00004943,WH010,PROD00004,2026-02-11,3726,449,10
INV00004944,WH010,PROD00447,2025-06-26,746,137,132
INV00004945,WH010,PROD00258,2026-06-12,4840,195,86
INV00004946,WH010,PROD00333,2026-01-13,4885,65,119
INV00004947,WH010,PROD00440,2025-09-04,429,44,56
INV00004948,WH010,PROD00321,2025-03-10,686,249,154
INV00004949,WH010,PROD00294,2026-04-25,2682,341,52
INV00004950,WH010,PROD00123,2026-05-18,245,228,178
INV00004951,WH010,PROD00353,2025-12-22,749,302,166
INV00004952,WH010,PROD00164,2025-03-29,4257,450,59
INV00004953,WH010,PROD00173,2025-11-16,2926,114,141
INV00004954,WH010,PROD00186,2026-04-15,418,376,80
INV00004955,WH010,PROD00476,2025-04-18,2978,405,173
INV00004956,WH010,PROD00454,2025-07-26,1103,424,177
INV00004957,WH010,PROD00102,2025-12-10,3712,251,107
INV00004958,WH010,PROD00188,2025-02-11,893,489,102
INV00004959,WH010,PROD00099,2025-09-17,2099,163,159
INV00004960,WH010,PROD00470,2025-08-05,1562,262,142
INV00004961,WH010,PROD00227,2025-03-08,514,82,41
INV00004962,WH010,PROD00345,2026-06-18,3660,72,151
INV00004963,WH010,PROD00014,2025-02-09,4842,334,37
INV00004964,WH010,PROD00226,2026-05-25,4455,157,86
INV00004965,WH010,PROD00133,2026-05-14,4648,134,152
INV00004966,WH010,PROD00029,2025-03-21,3617,334,151
INV00004967,WH010,PROD00152,2025-05-04,2478,397,199
INV00004968,WH010,PROD00136,2026-07-01,4405,191,89
INV00004969,WH010,PROD00401,2026-01-12,2350,285,185
INV00004970,WH010,PROD00463,2025-11-14,2711,172,12
INV00004971,WH010,PROD00219,2025-04-16,3816,494,116
INV00004972,WH010,PROD00080,2026-05-03,3153,230,179
INV00004973,WH010,PROD00339,2026-06-09,3537,417,184
INV00004974,WH010,PROD00245,2025-03-07,2183,483,150
INV00004975,WH010,PROD00407,2025-02-12,1567,61,132
INV00004976,WH010,PROD00114,2026-02-21,165,138,188
INV00004977,WH010,PROD00386,2026-07-08,501,471,146
INV00004978,WH010,PROD00341,2025-11-17,3594,207,86
INV00004979,WH010,PROD00486,2025-09-04,2645,498,44
INV00004980,WH010,PROD00194,2026-05-14,35,371,189
INV00004981,WH010,PROD00228,2025-11-10,4740,291,192
INV00004982,WH010,PROD00426,2025-04-19,379,273,126
INV00004983,WH010,PROD00289,2025-01-23,600,408,109
INV00004984,WH010,PROD00481,2026-04-20,1527,277,58
INV00004985,WH010,PROD00234,2025-05-26,3609,209,111
INV00004986,WH010,PROD00443,2026-05-14,3165,454,115
INV00004987,WH010,PROD00301,2026-08-03,2343,364,114
INV00004988,WH010,PROD00255,2025-12-28,19,472,163
INV00004989,WH010,PROD00160,2025-09-18,1250,54,97
INV00004990,WH010,PROD00137,2025-07-18,3089,215,22
INV00004991,WH010,PROD00429,2025-12-26,4636,304,22
INV00004992,WH010,PROD00394,2025-07-25,1055,478,176
INV00004993,WH010,PROD00404,2025-06-27,586,82,52
INV00004994,WH010,PROD00179,2025-04-16,4118,111,19
INV00004995,WH010,PROD00091,2025-01-26,4053,109,131
INV00004996,WH010,PROD00167,2025-05-16,2194,422,141
INV00004997,WH010,PROD00260,2026-06-14,3613,357,116
INV00004998,WH010,PROD00140,2026-04-30,1194,159,64
INV00004999,WH010,PROD00374,2025-04-03,2054,142,73
INV00005000,WH010,PROD00177,2026-07-03,2781,42,198
